RunID,DefectSeq,DefectTypeID,Severity,DetectedAt
1,1,3,High,2024-01-01 08:45:00
2,1,1,Low,2024-01-01 14:45:00
3,1,4,Critical,2024-01-01 20:45:00
4,1,1,Low,2024-01-02 02:45:00
5,1,3,High,2024-01-02 08:45:00
6,1,3,High,2024-01-02 14:45:00
7,1,4,Critical,2024-01-02 20:45:00
8,1,1,Low,2024-01-03 02:45:00
9,1,3,High,2024-01-03 08:45:00
13,1,3,High,2024-01-04 08:45:00
14,1,2,Medium,2024-01-04 14:45:00
16,1,3,High,2024-01-05 02:45:00
17,1,3,High,2024-01-05 08:45:00
18,1,3,High,2024-01-05 14:45:00
19,1,4,Critical,2024-01-05 20:45:00
20,1,2,Medium,2024-01-06 02:45:00
21,1,4,Critical,2024-01-06 08:45:00
22,1,4,Critical,2024-01-06 14:45:00
23,1,2,Medium,2024-01-06 20:45:00
24,1,1,Low,2024-01-07 02:45:00
25,1,2,Medium,2024-01-07 08:45:00
26,1,2,Medium,2024-01-07 14:45:00
27,1,3,High,2024-01-07 20:45:00
28,1,3,High,2024-01-08 02:45:00
29,1,3,High,2024-01-08 08:45:00
31,1,1,Low,2024-01-08 20:45:00
32,1,4,Critical,2024-01-09 02:45:00
34,1,4,Critical,2024-01-09 14:45:00
35,1,1,Low,2024-01-09 20:45:00
36,1,4,Critical,2024-01-10 02:45:00
37,1,1,Low,2024-01-10 08:45:00
39,1,1,Low,2024-01-10 20:45:00
40,1,3,High,2024-01-11 02:45:00
41,1,4,Critical,2024-01-11 08:45:00
42,1,2,Medium,2024-01-11 14:45:00
43,1,4,Critical,2024-01-11 20:45:00
44,1,3,High,2024-01-12 02:45:00
45,1,3,High,2024-01-12 08:45:00
46,1,4,Critical,2024-01-12 14:45:00
47,1,2,Medium,2024-01-12 20:45:00
48,1,2,Medium,2024-01-13 02:45:00
49,1,4,Critical,2024-01-13 08:45:00
50,1,4,Critical,2024-01-13 14:45:00
51,1,4,Critical,2024-01-13 20:45:00
52,1,4,Critical,2024-01-14 02:45:00
54,1,4,Critical,2024-01-14 14:45:00
55,1,2,Medium,2024-01-14 20:45:00
56,1,4,Critical,2024-01-15 02:45:00
57,1,2,Medium,2024-01-15 08:45:00
58,1,2,Medium,2024-01-15 14:45:00
59,1,2,Medium,2024-01-15 20:45:00
60,1,2,Medium,2024-01-16 02:45:00
62,1,4,Critical,2024-01-16 14:45:00
63,1,4,Critical,2024-01-16 20:45:00
65,1,3,High,2024-01-17 08:45:00
66,1,3,High,2024-01-17 14:45:00
67,1,2,Medium,2024-01-17 20:45:00
69,1,4,Critical,2024-01-18 08:45:00
70,1,3,High,2024-01-18 14:45:00
71,1,2,Medium,2024-01-18 20:45:00
72,1,3,High,2024-01-19 02:45:00
74,1,2,Medium,2024-01-19 14:45:00
75,1,1,Low,2024-01-19 20:45:00
76,1,1,Low,2024-01-20 02:45:00
77,1,3,High,2024-01-20 08:45:00
78,1,4,Critical,2024-01-20 14:45:00
79,1,2,Medium,2024-01-20 20:45:00
80,1,1,Low,2024-01-21 02:45:00
81,1,3,High,2024-01-21 08:45:00
82,1,4,Critical,2024-01-21 14:45:00
83,1,3,High,2024-01-21 20:45:00
84,1,4,Critical,2024-01-22 02:45:00
85,1,2,Medium,2024-01-22 08:45:00
86,1,3,High,2024-01-22 14:45:00
87,1,1,Low,2024-01-22 20:45:00
88,1,2,Medium,2024-01-23 02:45:00
89,1,2,Medium,2024-01-23 08:45:00
91,1,4,Critical,2024-01-23 20:45:00
92,1,4,Critical,2024-01-24 02:45:00
93,1,1,Low,2024-01-24 08:45:00
94,1,1,Low,2024-01-24 14:45:00
95,1,2,Medium,2024-01-24 20:45:00
96,1,2,Medium,2024-01-25 02:45:00
97,1,3,High,2024-01-25 08:45:00
98,1,4,Critical,2024-01-25 14:45:00
99,1,4,Critical,2024-01-25 20:45:00
100,1,3,High,2024-01-26 02:45:00
101,1,4,Critical,2024-01-26 08:45:00
102,1,2,Medium,2024-01-26 14:45:00
103,1,1,Low,2024-01-26 20:45:00
105,1,2,Medium,2024-01-27 08:45:00
106,1,3,High,2024-01-27 14:45:00
107,1,1,Low,2024-01-27 20:45:00
108,1,2,Medium,2024-01-28 02:45:00
109,1,2,Medium,2024-01-28 08:45:00
110,1,4,Critical,2024-01-28 14:45:00
111,1,2,Medium,2024-01-28 20:45:00
112,1,3,High,2024-01-29 02:45:00
113,1,3,High,2024-01-29 08:45:00
114,1,2,Medium,2024-01-29 14:45:00
115,1,3,High,2024-01-29 20:45:00
116,1,4,Critical,2024-01-30 02:45:00
117,1,2,Medium,2024-01-30 08:45:00
118,1,4,Critical,2024-01-30 14:45:00
119,1,1,Low,2024-01-30 20:45:00
121,1,4,Critical,2024-01-31 08:45:00
122,1,4,Critical,2024-01-31 14:45:00
123,1,4,Critical,2024-01-31 20:45:00
124,1,3,High,2024-02-01 02:45:00
125,1,4,Critical,2024-02-01 08:45:00
126,1,4,Critical,2024-02-01 14:45:00
127,1,4,Critical,2024-02-01 20:45:00
128,1,3,High,2024-02-02 02:45:00
130,1,4,Critical,2024-02-02 14:45:00
132,1,2,Medium,2024-02-03 02:45:00
134,1,3,High,2024-02-03 14:45:00
135,1,2,Medium,2024-02-03 20:45:00
136,1,1,Low,2024-02-04 02:45:00
137,1,4,Critical,2024-02-04 08:45:00
139,1,3,High,2024-02-04 20:45:00
140,1,1,Low,2024-02-05 02:45:00
142,1,2,Medium,2024-02-05 14:45:00
143,1,3,High,2024-02-05 20:45:00
144,1,1,Low,2024-02-06 02:45:00
145,1,4,Critical,2024-02-06 08:45:00
146,1,1,Low,2024-02-06 14:45:00
147,1,1,Low,2024-02-06 20:45:00
148,1,1,Low,2024-02-07 02:45:00
149,1,1,Low,2024-02-07 08:45:00
150,1,3,High,2024-02-07 14:45:00
151,1,4,Critical,2024-02-07 20:45:00
152,1,3,High,2024-02-08 02:45:00
154,1,2,Medium,2024-02-08 14:45:00
155,1,2,Medium,2024-02-08 20:45:00
156,1,4,Critical,2024-02-09 02:45:00
157,1,2,Medium,2024-02-09 08:45:00
158,1,3,High,2024-02-09 14:45:00
159,1,2,Medium,2024-02-09 20:45:00
160,1,2,Medium,2024-02-10 02:45:00
161,1,2,Medium,2024-02-10 08:45:00
162,1,1,Low,2024-02-10 14:45:00
163,1,4,Critical,2024-02-10 20:45:00
165,1,3,High,2024-02-11 08:45:00
167,1,4,Critical,2024-02-11 20:45:00
168,1,1,Low,2024-02-12 02:45:00
169,1,4,Critical,2024-02-12 08:45:00
170,1,4,Critical,2024-02-12 14:45:00
171,1,4,Critical,2024-02-12 20:45:00
172,1,2,Medium,2024-02-13 02:45:00
173,1,3,High,2024-02-13 08:45:00
175,1,1,Low,2024-02-13 20:45:00
176,1,2,Medium,2024-02-14 02:45:00
177,1,1,Low,2024-02-14 08:45:00
178,1,4,Critical,2024-02-14 14:45:00
179,1,1,Low,2024-02-14 20:45:00
180,1,3,High,2024-02-15 02:45:00
181,1,3,High,2024-02-15 08:45:00
182,1,2,Medium,2024-02-15 14:45:00
183,1,3,High,2024-02-15 20:45:00
185,1,2,Medium,2024-02-16 08:45:00
186,1,2,Medium,2024-02-16 14:45:00
187,1,4,Critical,2024-02-16 20:45:00
188,1,3,High,2024-02-17 02:45:00
189,1,4,Critical,2024-02-17 08:45:00
191,1,2,Medium,2024-02-17 20:45:00
192,1,1,Low,2024-02-18 02:45:00
194,1,2,Medium,2024-02-18 14:45:00
195,1,3,High,2024-02-18 20:45:00
197,1,2,Medium,2024-02-19 08:45:00
198,1,4,Critical,2024-02-19 14:45:00
199,1,3,High,2024-02-19 20:45:00
201,1,2,Medium,2024-02-20 08:45:00
202,1,2,Medium,2024-02-20 14:45:00
203,1,1,Low,2024-02-20 20:45:00
204,1,3,High,2024-02-21 02:45:00
205,1,2,Medium,2024-02-21 08:45:00
206,1,4,Critical,2024-02-21 14:45:00
207,1,3,High,2024-02-21 20:45:00
208,1,3,High,2024-02-22 02:45:00
209,1,2,Medium,2024-02-22 08:45:00
210,1,1,Low,2024-02-22 14:45:00
211,1,3,High,2024-02-22 20:45:00
212,1,2,Medium,2024-02-23 02:45:00
213,1,2,Medium,2024-02-23 08:45:00
214,1,1,Low,2024-02-23 14:45:00
215,1,1,Low,2024-02-23 20:45:00
216,1,3,High,2024-02-24 02:45:00
217,1,2,Medium,2024-02-24 08:45:00
218,1,2,Medium,2024-02-24 14:45:00
219,1,2,Medium,2024-02-24 20:45:00
220,1,3,High,2024-02-25 02:45:00
221,1,4,Critical,2024-02-25 08:45:00
222,1,4,Critical,2024-02-25 14:45:00
223,1,2,Medium,2024-02-25 20:45:00
224,1,1,Low,2024-02-26 02:45:00
225,1,2,Medium,2024-02-26 08:45:00
226,1,3,High,2024-02-26 14:45:00
227,1,3,High,2024-02-26 20:45:00
228,1,3,High,2024-02-27 02:45:00
230,1,3,High,2024-02-27 14:45:00
231,1,1,Low,2024-02-27 20:45:00
232,1,3,High,2024-02-28 02:45:00
234,1,3,High,2024-02-28 14:45:00
235,1,1,Low,2024-02-28 20:45:00
236,1,2,Medium,2024-02-29 02:45:00
237,1,3,High,2024-02-29 08:45:00
238,1,2,Medium,2024-02-29 14:45:00
239,1,4,Critical,2024-02-29 20:45:00
240,1,3,High,2024-03-01 02:45:00
241,1,3,High,2024-03-01 08:45:00
242,1,2,Medium,2024-03-01 14:45:00
243,1,2,Medium,2024-03-01 20:45:00
244,1,3,High,2024-03-02 02:45:00
245,1,2,Medium,2024-03-02 08:45:00
246,1,3,High,2024-03-02 14:45:00
247,1,2,Medium,2024-03-02 20:45:00
248,1,1,Low,2024-03-03 02:45:00
249,1,1,Low,2024-03-03 08:45:00
250,1,1,Low,2024-03-03 14:45:00
252,1,3,High,2024-03-04 02:45:00
253,1,4,Critical,2024-03-04 08:45:00
254,1,1,Low,2024-03-04 14:45:00
255,1,4,Critical,2024-03-04 20:45:00
256,1,2,Medium,2024-03-05 02:45:00
257,1,4,Critical,2024-03-05 08:45:00
258,1,3,High,2024-03-05 14:45:00
259,1,3,High,2024-03-05 20:45:00
260,1,1,Low,2024-03-06 02:45:00
262,1,1,Low,2024-03-06 14:45:00
263,1,3,High,2024-03-06 20:45:00
264,1,2,Medium,2024-03-07 02:45:00
265,1,4,Critical,2024-03-07 08:45:00
266,1,2,Medium,2024-03-07 14:45:00
267,1,4,Critical,2024-03-07 20:45:00
268,1,1,Low,2024-03-08 02:45:00
269,1,1,Low,2024-03-08 08:45:00
270,1,2,Medium,2024-03-08 14:45:00
271,1,2,Medium,2024-03-08 20:45:00
273,1,3,High,2024-03-09 08:45:00
274,1,1,Low,2024-03-09 14:45:00
275,1,2,Medium,2024-03-09 20:45:00
276,1,4,Critical,2024-03-10 02:45:00
277,1,1,Low,2024-03-10 08:45:00
278,1,4,Critical,2024-03-10 14:45:00
279,1,4,Critical,2024-03-10 20:45:00
280,1,1,Low,2024-03-11 02:45:00
281,1,2,Medium,2024-03-11 08:45:00
282,1,2,Medium,2024-03-11 14:45:00
283,1,3,High,2024-03-11 20:45:00
284,1,3,High,2024-03-12 02:45:00
285,1,3,High,2024-03-12 08:45:00
286,1,3,High,2024-03-12 14:45:00
287,1,1,Low,2024-03-12 20:45:00
288,1,4,Critical,2024-03-13 02:45:00
289,1,3,High,2024-03-13 08:45:00
290,1,3,High,2024-03-13 14:45:00
291,1,4,Critical,2024-03-13 20:45:00
292,1,3,High,2024-03-14 02:45:00
293,1,1,Low,2024-03-14 08:45:00
295,1,2,Medium,2024-03-14 20:45:00
296,1,1,Low,2024-03-15 02:45:00
297,1,4,Critical,2024-03-15 08:45:00
298,1,1,Low,2024-03-15 14:45:00
299,1,3,High,2024-03-15 20:45:00
301,1,1,Low,2024-03-16 08:45:00
302,1,4,Critical,2024-03-16 14:45:00
303,1,4,Critical,2024-03-16 20:45:00
304,1,2,Medium,2024-03-17 02:45:00
305,1,2,Medium,2024-03-17 08:45:00
306,1,1,Low,2024-03-17 14:45:00
307,1,2,Medium,2024-03-17 20:45:00
308,1,2,Medium,2024-03-18 02:45:00
309,1,2,Medium,2024-03-18 08:45:00
310,1,4,Critical,2024-03-18 14:45:00
311,1,3,High,2024-03-18 20:45:00
312,1,4,Critical,2024-03-19 02:45:00
313,1,3,High,2024-03-19 08:45:00
314,1,2,Medium,2024-03-19 14:45:00
315,1,4,Critical,2024-03-19 20:45:00
316,1,2,Medium,2024-03-20 02:45:00
317,1,4,Critical,2024-03-20 08:45:00
318,1,2,Medium,2024-03-20 14:45:00
319,1,1,Low,2024-03-20 20:45:00
320,1,4,Critical,2024-03-21 02:45:00
321,1,3,High,2024-03-21 08:45:00
322,1,4,Critical,2024-03-21 14:45:00
323,1,4,Critical,2024-03-21 20:45:00
327,1,3,High,2024-03-22 20:45:00
328,1,4,Critical,2024-03-23 02:45:00
329,1,2,Medium,2024-03-23 08:45:00
330,1,3,High,2024-03-23 14:45:00
331,1,3,High,2024-03-23 20:45:00
332,1,1,Low,2024-03-24 02:45:00
333,1,4,Critical,2024-03-24 08:45:00
334,1,3,High,2024-03-24 14:45:00
335,1,4,Critical,2024-03-24 20:45:00
336,1,2,Medium,2024-03-25 02:45:00
337,1,1,Low,2024-03-25 08:45:00
338,1,2,Medium,2024-03-25 14:45:00
340,1,4,Critical,2024-03-26 02:45:00
341,1,1,Low,2024-03-26 08:45:00
342,1,3,High,2024-03-26 14:45:00
344,1,2,Medium,2024-03-27 02:45:00
345,1,1,Low,2024-03-27 08:45:00
346,1,3,High,2024-03-27 14:45:00
347,1,3,High,2024-03-27 20:45:00
348,1,2,Medium,2024-03-28 02:45:00
349,1,4,Critical,2024-03-28 08:45:00
350,1,2,Medium,2024-03-28 14:45:00
351,1,2,Medium,2024-03-28 20:45:00
352,1,2,Medium,2024-03-29 02:45:00
354,1,4,Critical,2024-03-29 14:45:00
356,1,1,Low,2024-03-30 02:45:00
357,1,2,Medium,2024-03-30 08:45:00
358,1,3,High,2024-03-30 14:45:00
359,1,2,Medium,2024-03-30 20:45:00
360,1,3,High,2024-03-31 02:45:00
361,1,1,Low,2024-03-31 08:45:00
362,1,2,Medium,2024-03-31 14:45:00
363,1,4,Critical,2024-03-31 20:45:00
364,1,1,Low,2024-04-01 02:45:00
365,1,4,Critical,2024-04-01 08:45:00
367,1,4,Critical,2024-04-01 20:45:00
369,1,3,High,2024-04-02 08:45:00
370,1,1,Low,2024-04-02 14:45:00
371,1,1,Low,2024-04-02 20:45:00
372,1,1,Low,2024-04-03 02:45:00
374,1,2,Medium,2024-04-03 14:45:00
375,1,2,Medium,2024-04-03 20:45:00
376,1,3,High,2024-04-04 02:45:00
377,1,4,Critical,2024-04-04 08:45:00
378,1,3,High,2024-04-04 14:45:00
379,1,3,High,2024-04-04 20:45:00
381,1,2,Medium,2024-04-05 08:45:00
382,1,2,Medium,2024-04-05 14:45:00
383,1,4,Critical,2024-04-05 20:45:00
384,1,2,Medium,2024-04-06 02:45:00
385,1,1,Low,2024-04-06 08:45:00
386,1,3,High,2024-04-06 14:45:00
387,1,1,Low,2024-04-06 20:45:00
388,1,4,Critical,2024-04-07 02:45:00
389,1,4,Critical,2024-04-07 08:45:00
390,1,1,Low,2024-04-07 14:45:00
391,1,1,Low,2024-04-07 20:45:00
393,1,3,High,2024-04-08 08:45:00
394,1,2,Medium,2024-04-08 14:45:00
395,1,3,High,2024-04-08 20:45:00
396,1,3,High,2024-04-09 02:45:00
397,1,2,Medium,2024-04-09 08:45:00
398,1,1,Low,2024-04-09 14:45:00
399,1,3,High,2024-04-09 20:45:00
400,1,1,Low,2024-04-10 02:45:00
401,1,4,Critical,2024-04-10 08:45:00
403,1,3,High,2024-04-10 20:45:00
404,1,4,Critical,2024-04-11 02:45:00
405,1,4,Critical,2024-04-11 08:45:00
406,1,2,Medium,2024-04-11 14:45:00
407,1,1,Low,2024-04-11 20:45:00
408,1,3,High,2024-04-12 02:45:00
409,1,2,Medium,2024-04-12 08:45:00
410,1,1,Low,2024-04-12 14:45:00
411,1,4,Critical,2024-04-12 20:45:00
412,1,1,Low,2024-04-13 02:45:00
413,1,1,Low,2024-04-13 08:45:00
414,1,1,Low,2024-04-13 14:45:00
415,1,3,High,2024-04-13 20:45:00
416,1,3,High,2024-04-14 02:45:00
417,1,2,Medium,2024-04-14 08:45:00
418,1,2,Medium,2024-04-14 14:45:00
420,1,3,High,2024-04-15 02:45:00
421,1,1,Low,2024-04-15 08:45:00
422,1,4,Critical,2024-04-15 14:45:00
423,1,2,Medium,2024-04-15 20:45:00
424,1,4,Critical,2024-04-16 02:45:00
426,1,3,High,2024-04-16 14:45:00
428,1,1,Low,2024-04-17 02:45:00
429,1,4,Critical,2024-04-17 08:45:00
430,1,4,Critical,2024-04-17 14:45:00
431,1,2,Medium,2024-04-17 20:45:00
432,1,3,High,2024-04-18 02:45:00
433,1,3,High,2024-04-18 08:45:00
434,1,4,Critical,2024-04-18 14:45:00
435,1,2,Medium,2024-04-18 20:45:00
436,1,2,Medium,2024-04-19 02:45:00
437,1,2,Medium,2024-04-19 08:45:00
438,1,2,Medium,2024-04-19 14:45:00
439,1,4,Critical,2024-04-19 20:45:00
440,1,1,Low,2024-04-20 02:45:00
442,1,3,High,2024-04-20 14:45:00
443,1,3,High,2024-04-20 20:45:00
444,1,1,Low,2024-04-21 02:45:00
445,1,2,Medium,2024-04-21 08:45:00
446,1,4,Critical,2024-04-21 14:45:00
447,1,2,Medium,2024-04-21 20:45:00
448,1,3,High,2024-04-22 02:45:00
449,1,3,High,2024-04-22 08:45:00
450,1,2,Medium,2024-04-22 14:45:00
451,1,4,Critical,2024-04-22 20:45:00
452,1,3,High,2024-04-23 02:45:00
453,1,2,Medium,2024-04-23 08:45:00
454,1,3,High,2024-04-23 14:45:00
455,1,3,High,2024-04-23 20:45:00
456,1,3,High,2024-04-24 02:45:00
457,1,4,Critical,2024-04-24 08:45:00
458,1,2,Medium,2024-04-24 14:45:00
459,1,2,Medium,2024-04-24 20:45:00
460,1,1,Low,2024-04-25 02:45:00
461,1,1,Low,2024-04-25 08:45:00
462,1,1,Low,2024-04-25 14:45:00
463,1,4,Critical,2024-04-25 20:45:00
464,1,3,High,2024-04-26 02:45:00
465,1,3,High,2024-04-26 08:45:00
466,1,3,High,2024-04-26 14:45:00
467,1,4,Critical,2024-04-26 20:45:00
469,1,4,Critical,2024-04-27 08:45:00
471,1,4,Critical,2024-04-27 20:45:00
472,1,3,High,2024-04-28 02:45:00
474,1,3,High,2024-04-28 14:45:00
477,1,3,High,2024-04-29 08:45:00
478,1,2,Medium,2024-04-29 14:45:00
479,1,1,Low,2024-04-29 20:45:00
480,1,4,Critical,2024-04-30 02:45:00
481,1,3,High,2024-04-30 08:45:00
482,1,4,Critical,2024-04-30 14:45:00
483,1,3,High,2024-04-30 20:45:00
484,1,2,Medium,2024-05-01 02:45:00
485,1,2,Medium,2024-05-01 08:45:00
486,1,3,High,2024-05-01 14:45:00
487,1,4,Critical,2024-05-01 20:45:00
488,1,2,Medium,2024-05-02 02:45:00
489,1,4,Critical,2024-05-02 08:45:00
490,1,4,Critical,2024-05-02 14:45:00
491,1,3,High,2024-05-02 20:45:00
492,1,4,Critical,2024-05-03 02:45:00
493,1,2,Medium,2024-05-03 08:45:00
494,1,4,Critical,2024-05-03 14:45:00
495,1,3,High,2024-05-03 20:45:00
497,1,4,Critical,2024-05-04 08:45:00
499,1,2,Medium,2024-05-04 20:45:00
500,1,3,High,2024-05-05 02:45:00
501,1,1,Low,2024-05-05 08:45:00
502,1,2,Medium,2024-05-05 14:45:00
503,1,4,Critical,2024-05-05 20:45:00
504,1,1,Low,2024-05-06 02:45:00
505,1,2,Medium,2024-05-06 08:45:00
507,1,2,Medium,2024-05-06 20:45:00
508,1,3,High,2024-05-07 02:45:00
509,1,4,Critical,2024-05-07 08:45:00
510,1,4,Critical,2024-05-07 14:45:00
511,1,3,High,2024-05-07 20:45:00
512,1,2,Medium,2024-05-08 02:45:00
513,1,4,Critical,2024-05-08 08:45:00
514,1,3,High,2024-05-08 14:45:00
515,1,3,High,2024-05-08 20:45:00
516,1,3,High,2024-05-09 02:45:00
517,1,4,Critical,2024-05-09 08:45:00
518,1,3,High,2024-05-09 14:45:00
519,1,2,Medium,2024-05-09 20:45:00
520,1,3,High,2024-05-10 02:45:00
521,1,1,Low,2024-05-10 08:45:00
523,1,2,Medium,2024-05-10 20:45:00
524,1,1,Low,2024-05-11 02:45:00
525,1,1,Low,2024-05-11 08:45:00
526,1,1,Low,2024-05-11 14:45:00
527,1,3,High,2024-05-11 20:45:00
528,1,4,Critical,2024-05-12 02:45:00
529,1,4,Critical,2024-05-12 08:45:00
530,1,2,Medium,2024-05-12 14:45:00
531,1,3,High,2024-05-12 20:45:00
532,1,4,Critical,2024-05-13 02:45:00
533,1,1,Low,2024-05-13 08:45:00
534,1,3,High,2024-05-13 14:45:00
535,1,3,High,2024-05-13 20:45:00
536,1,1,Low,2024-05-14 02:45:00
537,1,4,Critical,2024-05-14 08:45:00
538,1,4,Critical,2024-05-14 14:45:00
541,1,1,Low,2024-05-15 08:45:00
542,1,2,Medium,2024-05-15 14:45:00
543,1,2,Medium,2024-05-15 20:45:00
544,1,2,Medium,2024-05-16 02:45:00
545,1,2,Medium,2024-05-16 08:45:00
546,1,4,Critical,2024-05-16 14:45:00
547,1,2,Medium,2024-05-16 20:45:00
550,1,2,Medium,2024-05-17 14:45:00
551,1,2,Medium,2024-05-17 20:45:00
552,1,2,Medium,2024-05-18 02:45:00
553,1,1,Low,2024-05-18 08:45:00
554,1,4,Critical,2024-05-18 14:45:00
555,1,4,Critical,2024-05-18 20:45:00
556,1,2,Medium,2024-05-19 02:45:00
557,1,2,Medium,2024-05-19 08:45:00
558,1,3,High,2024-05-19 14:45:00
559,1,3,High,2024-05-19 20:45:00
561,1,4,Critical,2024-05-20 08:45:00
562,1,3,High,2024-05-20 14:45:00
563,1,2,Medium,2024-05-20 20:45:00
564,1,3,High,2024-05-21 02:45:00
565,1,4,Critical,2024-05-21 08:45:00
566,1,4,Critical,2024-05-21 14:45:00
567,1,1,Low,2024-05-21 20:45:00
568,1,2,Medium,2024-05-22 02:45:00
569,1,2,Medium,2024-05-22 08:45:00
570,1,2,Medium,2024-05-22 14:45:00
571,1,3,High,2024-05-22 20:45:00
572,1,4,Critical,2024-05-23 02:45:00
573,1,3,High,2024-05-23 08:45:00
574,1,4,Critical,2024-05-23 14:45:00
575,1,2,Medium,2024-05-23 20:45:00
576,1,4,Critical,2024-05-24 02:45:00
577,1,3,High,2024-05-24 08:45:00
578,1,2,Medium,2024-05-24 14:45:00
579,1,3,High,2024-05-24 20:45:00
580,1,1,Low,2024-05-25 02:45:00
581,1,4,Critical,2024-05-25 08:45:00
582,1,2,Medium,2024-05-25 14:45:00
583,1,2,Medium,2024-05-25 20:45:00
584,1,3,High,2024-05-26 02:45:00
585,1,3,High,2024-05-26 08:45:00
587,1,1,Low,2024-05-26 20:45:00
588,1,2,Medium,2024-05-27 02:45:00
589,1,3,High,2024-05-27 08:45:00
590,1,4,Critical,2024-05-27 14:45:00
591,1,4,Critical,2024-05-27 20:45:00
592,1,2,Medium,2024-05-28 02:45:00
593,1,3,High,2024-05-28 08:45:00
594,1,2,Medium,2024-05-28 14:45:00
595,1,3,High,2024-05-28 20:45:00
598,1,3,High,2024-05-29 14:45:00
599,1,1,Low,2024-05-29 20:45:00
600,1,3,High,2024-05-30 02:45:00
601,1,4,Critical,2024-05-30 08:45:00
603,1,2,Medium,2024-05-30 20:45:00
604,1,4,Critical,2024-05-31 02:45:00
605,1,3,High,2024-05-31 08:45:00
606,1,2,Medium,2024-05-31 14:45:00
608,1,3,High,2024-06-01 02:45:00
609,1,3,High,2024-06-01 08:45:00
610,1,1,Low,2024-06-01 14:45:00
611,1,2,Medium,2024-06-01 20:45:00
612,1,4,Critical,2024-06-02 02:45:00
613,1,3,High,2024-06-02 08:45:00
614,1,4,Critical,2024-06-02 14:45:00
615,1,3,High,2024-06-02 20:45:00
616,1,4,Critical,2024-06-03 02:45:00
617,1,1,Low,2024-06-03 08:45:00
618,1,3,High,2024-06-03 14:45:00
619,1,1,Low,2024-06-03 20:45:00
620,1,3,High,2024-06-04 02:45:00
621,1,2,Medium,2024-06-04 08:45:00
622,1,2,Medium,2024-06-04 14:45:00
623,1,4,Critical,2024-06-04 20:45:00
624,1,4,Critical,2024-06-05 02:45:00
625,1,1,Low,2024-06-05 08:45:00
626,1,3,High,2024-06-05 14:45:00
627,1,2,Medium,2024-06-05 20:45:00
629,1,4,Critical,2024-06-06 08:45:00
630,1,2,Medium,2024-06-06 14:45:00
631,1,4,Critical,2024-06-06 20:45:00
632,1,1,Low,2024-06-07 02:45:00
633,1,3,High,2024-06-07 08:45:00
634,1,3,High,2024-06-07 14:45:00
635,1,2,Medium,2024-06-07 20:45:00
637,1,4,Critical,2024-06-08 08:45:00
638,1,3,High,2024-06-08 14:45:00
640,1,2,Medium,2024-06-09 02:45:00
641,1,1,Low,2024-06-09 08:45:00
643,1,2,Medium,2024-06-09 20:45:00
644,1,1,Low,2024-06-10 02:45:00
645,1,4,Critical,2024-06-10 08:45:00
646,1,3,High,2024-06-10 14:45:00
647,1,4,Critical,2024-06-10 20:45:00
648,1,3,High,2024-06-11 02:45:00
649,1,4,Critical,2024-06-11 08:45:00
650,1,2,Medium,2024-06-11 14:45:00
651,1,3,High,2024-06-11 20:45:00
652,1,4,Critical,2024-06-12 02:45:00
653,1,3,High,2024-06-12 08:45:00
654,1,1,Low,2024-06-12 14:45:00
655,1,3,High,2024-06-12 20:45:00
656,1,4,Critical,2024-06-13 02:45:00
657,1,4,Critical,2024-06-13 08:45:00
658,1,3,High,2024-06-13 14:45:00
659,1,3,High,2024-06-13 20:45:00
660,1,4,Critical,2024-06-14 02:45:00
661,1,1,Low,2024-06-14 08:45:00
662,1,3,High,2024-06-14 14:45:00
664,1,3,High,2024-06-15 02:45:00
665,1,3,High,2024-06-15 08:45:00
666,1,1,Low,2024-06-15 14:45:00
667,1,1,Low,2024-06-15 20:45:00
668,1,3,High,2024-06-16 02:45:00
670,1,2,Medium,2024-06-16 14:45:00
671,1,4,Critical,2024-06-16 20:45:00
674,1,4,Critical,2024-06-17 14:45:00
675,1,2,Medium,2024-06-17 20:45:00
676,1,2,Medium,2024-06-18 02:45:00
677,1,3,High,2024-06-18 08:45:00
678,1,3,High,2024-06-18 14:45:00
679,1,4,Critical,2024-06-18 20:45:00
680,1,4,Critical,2024-06-19 02:45:00
681,1,3,High,2024-06-19 08:45:00
682,1,2,Medium,2024-06-19 14:45:00
683,1,1,Low,2024-06-19 20:45:00
684,1,2,Medium,2024-06-20 02:45:00
686,1,3,High,2024-06-20 14:45:00
687,1,3,High,2024-06-20 20:45:00
688,1,1,Low,2024-06-21 02:45:00
689,1,4,Critical,2024-06-21 08:45:00
690,1,2,Medium,2024-06-21 14:45:00
691,1,2,Medium,2024-06-21 20:45:00
692,1,3,High,2024-06-22 02:45:00
693,1,2,Medium,2024-06-22 08:45:00
695,1,1,Low,2024-06-22 20:45:00
697,1,3,High,2024-06-23 08:45:00
698,1,4,Critical,2024-06-23 14:45:00
699,1,2,Medium,2024-06-23 20:45:00
700,1,2,Medium,2024-06-24 02:45:00
701,1,3,High,2024-06-24 08:45:00
702,1,4,Critical,2024-06-24 14:45:00
703,1,2,Medium,2024-06-24 20:45:00
704,1,2,Medium,2024-06-25 02:45:00
705,1,4,Critical,2024-06-25 08:45:00
706,1,3,High,2024-06-25 14:45:00
707,1,1,Low,2024-06-25 20:45:00
708,1,3,High,2024-06-26 02:45:00
709,1,1,Low,2024-06-26 08:45:00
710,1,2,Medium,2024-06-26 14:45:00
712,1,4,Critical,2024-06-27 02:45:00
713,1,2,Medium,2024-06-27 08:45:00
714,1,2,Medium,2024-06-27 14:45:00
715,1,2,Medium,2024-06-27 20:45:00
716,1,4,Critical,2024-06-28 02:45:00
717,1,1,Low,2024-06-28 08:45:00
719,1,1,Low,2024-06-28 20:45:00
720,1,3,High,2024-06-29 02:45:00
721,1,2,Medium,2024-06-29 08:45:00
722,1,2,Medium,2024-06-29 14:45:00
723,1,2,Medium,2024-06-29 20:45:00
724,1,4,Critical,2024-06-30 02:45:00
725,1,2,Medium,2024-06-30 08:45:00
726,1,3,High,2024-06-30 14:45:00
727,1,4,Critical,2024-06-30 20:45:00
728,1,4,Critical,2024-07-01 02:45:00
729,1,2,Medium,2024-07-01 08:45:00
730,1,4,Critical,2024-07-01 14:45:00
731,1,1,Low,2024-07-01 20:45:00
733,1,4,Critical,2024-07-02 08:45:00
734,1,2,Medium,2024-07-02 14:45:00
736,1,2,Medium,2024-07-03 02:45:00
737,1,3,High,2024-07-03 08:45:00
739,1,3,High,2024-07-03 20:45:00
740,1,4,Critical,2024-07-04 02:45:00
741,1,3,High,2024-07-04 08:45:00
742,1,1,Low,2024-07-04 14:45:00
743,1,4,Critical,2024-07-04 20:45:00
744,1,2,Medium,2024-07-05 02:45:00
745,1,1,Low,2024-07-05 08:45:00
746,1,1,Low,2024-07-05 14:45:00
747,1,3,High,2024-07-05 20:45:00
748,1,1,Low,2024-07-06 02:45:00
749,1,1,Low,2024-07-06 08:45:00
750,1,2,Medium,2024-07-06 14:45:00
751,1,2,Medium,2024-07-06 20:45:00
752,1,3,High,2024-07-07 02:45:00
753,1,4,Critical,2024-07-07 08:45:00
754,1,3,High,2024-07-07 14:45:00
755,1,2,Medium,2024-07-07 20:45:00
756,1,2,Medium,2024-07-08 02:45:00
757,1,4,Critical,2024-07-08 08:45:00
758,1,1,Low,2024-07-08 14:45:00
759,1,4,Critical,2024-07-08 20:45:00
760,1,1,Low,2024-07-09 02:45:00
761,1,4,Critical,2024-07-09 08:45:00
762,1,2,Medium,2024-07-09 14:45:00
764,1,3,High,2024-07-10 02:45:00
765,1,3,High,2024-07-10 08:45:00
766,1,2,Medium,2024-07-10 14:45:00
767,1,2,Medium,2024-07-10 20:45:00
768,1,3,High,2024-07-11 02:45:00
769,1,1,Low,2024-07-11 08:45:00
770,1,1,Low,2024-07-11 14:45:00
772,1,1,Low,2024-07-12 02:45:00
773,1,3,High,2024-07-12 08:45:00
774,1,1,Low,2024-07-12 14:45:00
775,1,2,Medium,2024-07-12 20:45:00
776,1,1,Low,2024-07-13 02:45:00
777,1,2,Medium,2024-07-13 08:45:00
778,1,1,Low,2024-07-13 14:45:00
780,1,1,Low,2024-07-14 02:45:00
781,1,4,Critical,2024-07-14 08:45:00
783,1,3,High,2024-07-14 20:45:00
784,1,1,Low,2024-07-15 02:45:00
785,1,1,Low,2024-07-15 08:45:00
786,1,2,Medium,2024-07-15 14:45:00
787,1,2,Medium,2024-07-15 20:45:00
788,1,4,Critical,2024-07-16 02:45:00
789,1,4,Critical,2024-07-16 08:45:00
790,1,4,Critical,2024-07-16 14:45:00
791,1,3,High,2024-07-16 20:45:00
792,1,2,Medium,2024-07-17 02:45:00
793,1,2,Medium,2024-07-17 08:45:00
794,1,4,Critical,2024-07-17 14:45:00
795,1,3,High,2024-07-17 20:45:00
796,1,3,High,2024-07-18 02:45:00
797,1,2,Medium,2024-07-18 08:45:00
798,1,1,Low,2024-07-18 14:45:00
799,1,4,Critical,2024-07-18 20:45:00
800,1,2,Medium,2024-07-19 02:45:00
801,1,2,Medium,2024-07-19 08:45:00
803,1,4,Critical,2024-07-19 20:45:00
804,1,1,Low,2024-07-20 02:45:00
805,1,4,Critical,2024-07-20 08:45:00
806,1,1,Low,2024-07-20 14:45:00
807,1,4,Critical,2024-07-20 20:45:00
808,1,3,High,2024-07-21 02:45:00
809,1,1,Low,2024-07-21 08:45:00
810,1,3,High,2024-07-21 14:45:00
811,1,2,Medium,2024-07-21 20:45:00
812,1,1,Low,2024-07-22 02:45:00
813,1,4,Critical,2024-07-22 08:45:00
814,1,2,Medium,2024-07-22 14:45:00
815,1,2,Medium,2024-07-22 20:45:00
816,1,1,Low,2024-07-23 02:45:00
818,1,4,Critical,2024-07-23 14:45:00
819,1,2,Medium,2024-07-23 20:45:00
820,1,4,Critical,2024-07-24 02:45:00
821,1,4,Critical,2024-07-24 08:45:00
822,1,1,Low,2024-07-24 14:45:00
823,1,1,Low,2024-07-24 20:45:00
824,1,4,Critical,2024-07-25 02:45:00
825,1,2,Medium,2024-07-25 08:45:00
826,1,1,Low,2024-07-25 14:45:00
828,1,3,High,2024-07-26 02:45:00
829,1,4,Critical,2024-07-26 08:45:00
831,1,1,Low,2024-07-26 20:45:00
832,1,4,Critical,2024-07-27 02:45:00
833,1,3,High,2024-07-27 08:45:00
834,1,3,High,2024-07-27 14:45:00
835,1,3,High,2024-07-27 20:45:00
836,1,2,Medium,2024-07-28 02:45:00
837,1,3,High,2024-07-28 08:45:00
838,1,2,Medium,2024-07-28 14:45:00
839,1,2,Medium,2024-07-28 20:45:00
840,1,3,High,2024-07-29 02:45:00
841,1,2,Medium,2024-07-29 08:45:00
842,1,4,Critical,2024-07-29 14:45:00
843,1,2,Medium,2024-07-29 20:45:00
844,1,4,Critical,2024-07-30 02:45:00
845,1,4,Critical,2024-07-30 08:45:00
846,1,2,Medium,2024-07-30 14:45:00
847,1,4,Critical,2024-07-30 20:45:00
849,1,4,Critical,2024-07-31 08:45:00
851,1,3,High,2024-07-31 20:45:00
853,1,2,Medium,2024-08-01 08:45:00
854,1,1,Low,2024-08-01 14:45:00
856,1,3,High,2024-08-02 02:45:00
857,1,3,High,2024-08-02 08:45:00
858,1,3,High,2024-08-02 14:45:00
859,1,2,Medium,2024-08-02 20:45:00
860,1,2,Medium,2024-08-03 02:45:00
861,1,1,Low,2024-08-03 08:45:00
862,1,4,Critical,2024-08-03 14:45:00
863,1,4,Critical,2024-08-03 20:45:00
864,1,2,Medium,2024-08-04 02:45:00
865,1,1,Low,2024-08-04 08:45:00
867,1,3,High,2024-08-04 20:45:00
868,1,3,High,2024-08-05 02:45:00
869,1,4,Critical,2024-08-05 08:45:00
870,1,2,Medium,2024-08-05 14:45:00
871,1,3,High,2024-08-05 20:45:00
872,1,3,High,2024-08-06 02:45:00
874,1,2,Medium,2024-08-06 14:45:00
876,1,2,Medium,2024-08-07 02:45:00
877,1,4,Critical,2024-08-07 08:45:00
878,1,2,Medium,2024-08-07 14:45:00
879,1,4,Critical,2024-08-07 20:45:00
880,1,3,High,2024-08-08 02:45:00
881,1,1,Low,2024-08-08 08:45:00
882,1,3,High,2024-08-08 14:45:00
883,1,2,Medium,2024-08-08 20:45:00
884,1,2,Medium,2024-08-09 02:45:00
885,1,1,Low,2024-08-09 08:45:00
886,1,2,Medium,2024-08-09 14:45:00
887,1,1,Low,2024-08-09 20:45:00
888,1,1,Low,2024-08-10 02:45:00
889,1,2,Medium,2024-08-10 08:45:00
890,1,2,Medium,2024-08-10 14:45:00
891,1,4,Critical,2024-08-10 20:45:00
892,1,2,Medium,2024-08-11 02:45:00
893,1,3,High,2024-08-11 08:45:00
895,1,3,High,2024-08-11 20:45:00
897,1,4,Critical,2024-08-12 08:45:00
899,1,4,Critical,2024-08-12 20:45:00
900,1,2,Medium,2024-08-13 02:45:00
901,1,1,Low,2024-08-13 08:45:00
902,1,3,High,2024-08-13 14:45:00
903,1,1,Low,2024-08-13 20:45:00
904,1,2,Medium,2024-08-14 02:45:00
906,1,3,High,2024-08-14 14:45:00
907,1,4,Critical,2024-08-14 20:45:00
908,1,2,Medium,2024-08-15 02:45:00
909,1,4,Critical,2024-08-15 08:45:00
910,1,2,Medium,2024-08-15 14:45:00
911,1,2,Medium,2024-08-15 20:45:00
912,1,4,Critical,2024-08-16 02:45:00
913,1,4,Critical,2024-08-16 08:45:00
914,1,4,Critical,2024-08-16 14:45:00
915,1,2,Medium,2024-08-16 20:45:00
916,1,2,Medium,2024-08-17 02:45:00
917,1,2,Medium,2024-08-17 08:45:00
918,1,2,Medium,2024-08-17 14:45:00
919,1,2,Medium,2024-08-17 20:45:00
920,1,4,Critical,2024-08-18 02:45:00
921,1,4,Critical,2024-08-18 08:45:00
922,1,2,Medium,2024-08-18 14:45:00
923,1,1,Low,2024-08-18 20:45:00
924,1,4,Critical,2024-08-19 02:45:00
925,1,1,Low,2024-08-19 08:45:00
926,1,3,High,2024-08-19 14:45:00
927,1,1,Low,2024-08-19 20:45:00
929,1,4,Critical,2024-08-20 08:45:00
930,1,1,Low,2024-08-20 14:45:00
931,1,2,Medium,2024-08-20 20:45:00
932,1,2,Medium,2024-08-21 02:45:00
933,1,4,Critical,2024-08-21 08:45:00
934,1,4,Critical,2024-08-21 14:45:00
936,1,1,Low,2024-08-22 02:45:00
937,1,3,High,2024-08-22 08:45:00
939,1,3,High,2024-08-22 20:45:00
940,1,1,Low,2024-08-23 02:45:00
941,1,1,Low,2024-08-23 08:45:00
942,1,3,High,2024-08-23 14:45:00
943,1,1,Low,2024-08-23 20:45:00
944,1,4,Critical,2024-08-24 02:45:00
945,1,1,Low,2024-08-24 08:45:00
946,1,1,Low,2024-08-24 14:45:00
947,1,4,Critical,2024-08-24 20:45:00
948,1,2,Medium,2024-08-25 02:45:00
949,1,3,High,2024-08-25 08:45:00
950,1,1,Low,2024-08-25 14:45:00
951,1,3,High,2024-08-25 20:45:00
952,1,3,High,2024-08-26 02:45:00
953,1,2,Medium,2024-08-26 08:45:00
954,1,4,Critical,2024-08-26 14:45:00
955,1,3,High,2024-08-26 20:45:00
956,1,2,Medium,2024-08-27 02:45:00
957,1,3,High,2024-08-27 08:45:00
958,1,3,High,2024-08-27 14:45:00
959,1,1,Low,2024-08-27 20:45:00
960,1,2,Medium,2024-08-28 02:45:00
961,1,2,Medium,2024-08-28 08:45:00
962,1,2,Medium,2024-08-28 14:45:00
963,1,3,High,2024-08-28 20:45:00
964,1,2,Medium,2024-08-29 02:45:00
965,1,4,Critical,2024-08-29 08:45:00
966,1,2,Medium,2024-08-29 14:45:00
967,1,2,Medium,2024-08-29 20:45:00
968,1,4,Critical,2024-08-30 02:45:00
970,1,2,Medium,2024-08-30 14:45:00
971,1,1,Low,2024-08-30 20:45:00
972,1,2,Medium,2024-08-31 02:45:00
973,1,2,Medium,2024-08-31 08:45:00
974,1,4,Critical,2024-08-31 14:45:00
975,1,2,Medium,2024-08-31 20:45:00
976,1,4,Critical,2024-09-01 02:45:00
977,1,3,High,2024-09-01 08:45:00
979,1,2,Medium,2024-09-01 20:45:00
980,1,4,Critical,2024-09-02 02:45:00
981,1,4,Critical,2024-09-02 08:45:00
982,1,1,Low,2024-09-02 14:45:00
983,1,2,Medium,2024-09-02 20:45:00
985,1,1,Low,2024-09-03 08:45:00
986,1,3,High,2024-09-03 14:45:00
987,1,4,Critical,2024-09-03 20:45:00
989,1,3,High,2024-09-04 08:45:00
990,1,3,High,2024-09-04 14:45:00
992,1,1,Low,2024-09-05 02:45:00
993,1,3,High,2024-09-05 08:45:00
994,1,4,Critical,2024-09-05 14:45:00
995,1,3,High,2024-09-05 20:45:00
996,1,1,Low,2024-09-06 02:45:00
997,1,1,Low,2024-09-06 08:45:00
998,1,1,Low,2024-09-06 14:45:00
999,1,3,High,2024-09-06 20:45:00
1000,1,3,High,2024-09-07 02:45:00
1001,1,1,Low,2024-09-07 08:45:00
1002,1,4,Critical,2024-09-07 14:45:00
1003,1,2,Medium,2024-09-07 20:45:00
1004,1,3,High,2024-09-08 02:45:00
1005,1,4,Critical,2024-09-08 08:45:00
1006,1,1,Low,2024-09-08 14:45:00
1007,1,4,Critical,2024-09-08 20:45:00
1008,1,1,Low,2024-09-09 02:45:00
1009,1,2,Medium,2024-09-09 08:45:00
1010,1,4,Critical,2024-09-09 14:45:00
1011,1,4,Critical,2024-09-09 20:45:00
1012,1,2,Medium,2024-09-10 02:45:00
1013,1,3,High,2024-09-10 08:45:00
1014,1,3,High,2024-09-10 14:45:00
1015,1,4,Critical,2024-09-10 20:45:00
1017,1,4,Critical,2024-09-11 08:45:00
1018,1,2,Medium,2024-09-11 14:45:00
1019,1,2,Medium,2024-09-11 20:45:00
1021,1,2,Medium,2024-09-12 08:45:00
1022,1,4,Critical,2024-09-12 14:45:00
1023,1,2,Medium,2024-09-12 20:45:00
1024,1,4,Critical,2024-09-13 02:45:00
1025,1,1,Low,2024-09-13 08:45:00
1026,1,3,High,2024-09-13 14:45:00
1027,1,4,Critical,2024-09-13 20:45:00
1028,1,3,High,2024-09-14 02:45:00
1029,1,3,High,2024-09-14 08:45:00
1030,1,3,High,2024-09-14 14:45:00
1031,1,4,Critical,2024-09-14 20:45:00
1032,1,4,Critical,2024-09-15 02:45:00
1034,1,4,Critical,2024-09-15 14:45:00
1036,1,2,Medium,2024-09-16 02:45:00
1037,1,4,Critical,2024-09-16 08:45:00
1038,1,2,Medium,2024-09-16 14:45:00
1039,1,4,Critical,2024-09-16 20:45:00
1040,1,2,Medium,2024-09-17 02:45:00
1041,1,1,Low,2024-09-17 08:45:00
1042,1,2,Medium,2024-09-17 14:45:00
1044,1,3,High,2024-09-18 02:45:00
1045,1,2,Medium,2024-09-18 08:45:00
1046,1,2,Medium,2024-09-18 14:45:00
1048,1,2,Medium,2024-09-19 02:45:00
1049,1,4,Critical,2024-09-19 08:45:00
1051,1,3,High,2024-09-19 20:45:00
1052,1,4,Critical,2024-09-20 02:45:00
1053,1,3,High,2024-09-20 08:45:00
1054,1,4,Critical,2024-09-20 14:45:00
1055,1,1,Low,2024-09-20 20:45:00
1056,1,2,Medium,2024-09-21 02:45:00
1057,1,4,Critical,2024-09-21 08:45:00
1058,1,3,High,2024-09-21 14:45:00
1059,1,3,High,2024-09-21 20:45:00
1060,1,3,High,2024-09-22 02:45:00
1061,1,2,Medium,2024-09-22 08:45:00
1063,1,4,Critical,2024-09-22 20:45:00
1064,1,3,High,2024-09-23 02:45:00
1066,1,4,Critical,2024-09-23 14:45:00
1069,1,4,Critical,2024-09-24 08:45:00
1070,1,4,Critical,2024-09-24 14:45:00
1072,1,1,Low,2024-09-25 02:45:00
1073,1,1,Low,2024-09-25 08:45:00
1074,1,3,High,2024-09-25 14:45:00
1075,1,2,Medium,2024-09-25 20:45:00
1076,1,4,Critical,2024-09-26 02:45:00
1077,1,4,Critical,2024-09-26 08:45:00
1078,1,4,Critical,2024-09-26 14:45:00
1079,1,2,Medium,2024-09-26 20:45:00
1080,1,4,Critical,2024-09-27 02:45:00
1081,1,2,Medium,2024-09-27 08:45:00
1083,1,1,Low,2024-09-27 20:45:00
1084,1,2,Medium,2024-09-28 02:45:00
1085,1,4,Critical,2024-09-28 08:45:00
1086,1,2,Medium,2024-09-28 14:45:00
1087,1,1,Low,2024-09-28 20:45:00
1088,1,4,Critical,2024-09-29 02:45:00
1090,1,4,Critical,2024-09-29 14:45:00
1092,1,1,Low,2024-09-30 02:45:00
1093,1,4,Critical,2024-09-30 08:45:00
1094,1,1,Low,2024-09-30 14:45:00
1095,1,2,Medium,2024-09-30 20:45:00
1097,1,1,Low,2024-10-01 08:45:00
1099,1,1,Low,2024-10-01 20:45:00
1100,1,1,Low,2024-10-02 02:45:00
1101,1,3,High,2024-10-02 08:45:00
1102,1,2,Medium,2024-10-02 14:45:00
1103,1,2,Medium,2024-10-02 20:45:00
1105,1,4,Critical,2024-10-03 08:45:00
1106,1,4,Critical,2024-10-03 14:45:00
1107,1,3,High,2024-10-03 20:45:00
1108,1,4,Critical,2024-10-04 02:45:00
1109,1,2,Medium,2024-10-04 08:45:00
1111,1,3,High,2024-10-04 20:45:00
1112,1,3,High,2024-10-05 02:45:00
1114,1,2,Medium,2024-10-05 14:45:00
1115,1,4,Critical,2024-10-05 20:45:00
1116,1,4,Critical,2024-10-06 02:45:00
1118,1,3,High,2024-10-06 14:45:00
1119,1,2,Medium,2024-10-06 20:45:00
1122,1,2,Medium,2024-10-07 14:45:00
1123,1,1,Low,2024-10-07 20:45:00
1124,1,4,Critical,2024-10-08 02:45:00
1126,1,3,High,2024-10-08 14:45:00
1127,1,1,Low,2024-10-08 20:45:00
1128,1,1,Low,2024-10-09 02:45:00
1129,1,4,Critical,2024-10-09 08:45:00
1130,1,3,High,2024-10-09 14:45:00
1131,1,4,Critical,2024-10-09 20:45:00
1132,1,4,Critical,2024-10-10 02:45:00
1133,1,2,Medium,2024-10-10 08:45:00
1134,1,2,Medium,2024-10-10 14:45:00
1135,1,4,Critical,2024-10-10 20:45:00
1136,1,4,Critical,2024-10-11 02:45:00
1137,1,3,High,2024-10-11 08:45:00
1138,1,4,Critical,2024-10-11 14:45:00
1139,1,4,Critical,2024-10-11 20:45:00
1140,1,2,Medium,2024-10-12 02:45:00
1141,1,3,High,2024-10-12 08:45:00
1142,1,4,Critical,2024-10-12 14:45:00
1143,1,3,High,2024-10-12 20:45:00
1144,1,1,Low,2024-10-13 02:45:00
1145,1,2,Medium,2024-10-13 08:45:00
1146,1,1,Low,2024-10-13 14:45:00
1147,1,2,Medium,2024-10-13 20:45:00
1148,1,4,Critical,2024-10-14 02:45:00
1150,1,1,Low,2024-10-14 14:45:00
1152,1,3,High,2024-10-15 02:45:00
1153,1,2,Medium,2024-10-15 08:45:00
1154,1,1,Low,2024-10-15 14:45:00
1155,1,1,Low,2024-10-15 20:45:00
1156,1,2,Medium,2024-10-16 02:45:00
1157,1,2,Medium,2024-10-16 08:45:00
1159,1,4,Critical,2024-10-16 20:45:00
1160,1,2,Medium,2024-10-17 02:45:00
1161,1,1,Low,2024-10-17 08:45:00
1162,1,3,High,2024-10-17 14:45:00
1163,1,2,Medium,2024-10-17 20:45:00
1164,1,3,High,2024-10-18 02:45:00
1165,1,2,Medium,2024-10-18 08:45:00
1166,1,3,High,2024-10-18 14:45:00
1167,1,3,High,2024-10-18 20:45:00
1168,1,4,Critical,2024-10-19 02:45:00
1169,1,2,Medium,2024-10-19 08:45:00
1170,1,2,Medium,2024-10-19 14:45:00
1172,1,4,Critical,2024-10-20 02:45:00
1173,1,4,Critical,2024-10-20 08:45:00
1175,1,1,Low,2024-10-20 20:45:00
1176,1,2,Medium,2024-10-21 02:45:00
1177,1,1,Low,2024-10-21 08:45:00
1178,1,2,Medium,2024-10-21 14:45:00
1179,1,1,Low,2024-10-21 20:45:00
1180,1,3,High,2024-10-22 02:45:00
1181,1,4,Critical,2024-10-22 08:45:00
1182,1,4,Critical,2024-10-22 14:45:00
1183,1,2,Medium,2024-10-22 20:45:00
1184,1,3,High,2024-10-23 02:45:00
1185,1,4,Critical,2024-10-23 08:45:00
1186,1,1,Low,2024-10-23 14:45:00
1187,1,3,High,2024-10-23 20:45:00
1188,1,2,Medium,2024-10-24 02:45:00
1189,1,1,Low,2024-10-24 08:45:00
1190,1,2,Medium,2024-10-24 14:45:00
1192,1,3,High,2024-10-25 02:45:00
1193,1,2,Medium,2024-10-25 08:45:00
1194,1,2,Medium,2024-10-25 14:45:00
1195,1,1,Low,2024-10-25 20:45:00
1196,1,4,Critical,2024-10-26 02:45:00
1197,1,2,Medium,2024-10-26 08:45:00
1198,1,3,High,2024-10-26 14:45:00
1199,1,3,High,2024-10-26 20:45:00
1202,1,3,High,2024-10-27 14:45:00
1204,1,1,Low,2024-10-28 02:45:00
1205,1,3,High,2024-10-28 08:45:00
1207,1,2,Medium,2024-10-28 20:45:00
1208,1,2,Medium,2024-10-29 02:45:00
1209,1,2,Medium,2024-10-29 08:45:00
1210,1,3,High,2024-10-29 14:45:00
1211,1,3,High,2024-10-29 20:45:00
1212,1,3,High,2024-10-30 02:45:00
1213,1,3,High,2024-10-30 08:45:00
1214,1,2,Medium,2024-10-30 14:45:00
1215,1,2,Medium,2024-10-30 20:45:00
1216,1,2,Medium,2024-10-31 02:45:00
1218,1,4,Critical,2024-10-31 14:45:00
1219,1,4,Critical,2024-10-31 20:45:00
1220,1,1,Low,2024-11-01 02:45:00
1222,1,1,Low,2024-11-01 14:45:00
1225,1,2,Medium,2024-11-02 08:45:00
1226,1,4,Critical,2024-11-02 14:45:00
1227,1,3,High,2024-11-02 20:45:00
1228,1,1,Low,2024-11-03 02:45:00
1229,1,2,Medium,2024-11-03 08:45:00
1230,1,2,Medium,2024-11-03 14:45:00
1231,1,4,Critical,2024-11-03 20:45:00
1232,1,4,Critical,2024-11-04 02:45:00
1233,1,4,Critical,2024-11-04 08:45:00
1234,1,2,Medium,2024-11-04 14:45:00
1235,1,3,High,2024-11-04 20:45:00
1236,1,1,Low,2024-11-05 02:45:00
1237,1,3,High,2024-11-05 08:45:00
1238,1,2,Medium,2024-11-05 14:45:00
1239,1,2,Medium,2024-11-05 20:45:00
1240,1,3,High,2024-11-06 02:45:00
1241,1,2,Medium,2024-11-06 08:45:00
1242,1,1,Low,2024-11-06 14:45:00
1243,1,1,Low,2024-11-06 20:45:00
1244,1,1,Low,2024-11-07 02:45:00
1245,1,1,Low,2024-11-07 08:45:00
1246,1,1,Low,2024-11-07 14:45:00
1247,1,2,Medium,2024-11-07 20:45:00
1248,1,1,Low,2024-11-08 02:45:00
1249,1,4,Critical,2024-11-08 08:45:00
1252,1,2,Medium,2024-11-09 02:45:00
1253,1,4,Critical,2024-11-09 08:45:00
1254,1,3,High,2024-11-09 14:45:00
1255,1,2,Medium,2024-11-09 20:45:00
1256,1,3,High,2024-11-10 02:45:00
1257,1,3,High,2024-11-10 08:45:00
1258,1,3,High,2024-11-10 14:45:00
1259,1,3,High,2024-11-10 20:45:00
1260,1,4,Critical,2024-11-11 02:45:00
1261,1,4,Critical,2024-11-11 08:45:00
1262,1,3,High,2024-11-11 14:45:00
1263,1,2,Medium,2024-11-11 20:45:00
1264,1,3,High,2024-11-12 02:45:00
1265,1,4,Critical,2024-11-12 08:45:00
1266,1,1,Low,2024-11-12 14:45:00
1267,1,4,Critical,2024-11-12 20:45:00
1269,1,2,Medium,2024-11-13 08:45:00
1270,1,4,Critical,2024-11-13 14:45:00
1271,1,2,Medium,2024-11-13 20:45:00
1272,1,2,Medium,2024-11-14 02:45:00
1273,1,1,Low,2024-11-14 08:45:00
1274,1,2,Medium,2024-11-14 14:45:00
1275,1,1,Low,2024-11-14 20:45:00
1276,1,2,Medium,2024-11-15 02:45:00
1277,1,2,Medium,2024-11-15 08:45:00
1278,1,4,Critical,2024-11-15 14:45:00
1279,1,4,Critical,2024-11-15 20:45:00
1281,1,3,High,2024-11-16 08:45:00
1283,1,1,Low,2024-11-16 20:45:00
1284,1,1,Low,2024-11-17 02:45:00
1285,1,4,Critical,2024-11-17 08:45:00
1286,1,4,Critical,2024-11-17 14:45:00
1287,1,1,Low,2024-11-17 20:45:00
1288,1,1,Low,2024-11-18 02:45:00
1289,1,2,Medium,2024-11-18 08:45:00
1290,1,2,Medium,2024-11-18 14:45:00
1291,1,3,High,2024-11-18 20:45:00
1292,1,1,Low,2024-11-19 02:45:00
1293,1,3,High,2024-11-19 08:45:00
1294,1,2,Medium,2024-11-19 14:45:00
1295,1,4,Critical,2024-11-19 20:45:00
1296,1,3,High,2024-11-20 02:45:00
1297,1,2,Medium,2024-11-20 08:45:00
1298,1,4,Critical,2024-11-20 14:45:00
1299,1,4,Critical,2024-11-20 20:45:00
1301,1,2,Medium,2024-11-21 08:45:00
1302,1,4,Critical,2024-11-21 14:45:00
1303,1,1,Low,2024-11-21 20:45:00
1305,1,2,Medium,2024-11-22 08:45:00
1306,1,4,Critical,2024-11-22 14:45:00
1307,1,3,High,2024-11-22 20:45:00
1308,1,4,Critical,2024-11-23 02:45:00
1311,1,3,High,2024-11-23 20:45:00
1312,1,4,Critical,2024-11-24 02:45:00
1313,1,1,Low,2024-11-24 08:45:00
1315,1,1,Low,2024-11-24 20:45:00
1316,1,3,High,2024-11-25 02:45:00
1317,1,4,Critical,2024-11-25 08:45:00
1318,1,3,High,2024-11-25 14:45:00
1319,1,4,Critical,2024-11-25 20:45:00
1320,1,1,Low,2024-11-26 02:45:00
1321,1,4,Critical,2024-11-26 08:45:00
1322,1,4,Critical,2024-11-26 14:45:00
1323,1,2,Medium,2024-11-26 20:45:00
1324,1,4,Critical,2024-11-27 02:45:00
1325,1,2,Medium,2024-11-27 08:45:00
1326,1,4,Critical,2024-11-27 14:45:00
1327,1,4,Critical,2024-11-27 20:45:00
1328,1,3,High,2024-11-28 02:45:00
1329,1,3,High,2024-11-28 08:45:00
1331,1,2,Medium,2024-11-28 20:45:00
1333,1,4,Critical,2024-11-29 08:45:00
1334,1,3,High,2024-11-29 14:45:00
1335,1,4,Critical,2024-11-29 20:45:00
1336,1,1,Low,2024-11-30 02:45:00
1337,1,4,Critical,2024-11-30 08:45:00
1338,1,4,Critical,2024-11-30 14:45:00
1339,1,4,Critical,2024-11-30 20:45:00
1341,1,1,Low,2024-12-01 08:45:00
1343,1,3,High,2024-12-01 20:45:00
1344,1,3,High,2024-12-02 02:45:00
1345,1,4,Critical,2024-12-02 08:45:00
1347,1,2,Medium,2024-12-02 20:45:00
1348,1,3,High,2024-12-03 02:45:00
1349,1,4,Critical,2024-12-03 08:45:00
1350,1,4,Critical,2024-12-03 14:45:00
1351,1,4,Critical,2024-12-03 20:45:00
1352,1,2,Medium,2024-12-04 02:45:00
1353,1,3,High,2024-12-04 08:45:00
1354,1,4,Critical,2024-12-04 14:45:00
1355,1,2,Medium,2024-12-04 20:45:00
1356,1,1,Low,2024-12-05 02:45:00
1357,1,1,Low,2024-12-05 08:45:00
1358,1,1,Low,2024-12-05 14:45:00
1359,1,3,High,2024-12-05 20:45:00
1360,1,1,Low,2024-12-06 02:45:00
1361,1,2,Medium,2024-12-06 08:45:00
1362,1,2,Medium,2024-12-06 14:45:00
1363,1,3,High,2024-12-06 20:45:00
1364,1,2,Medium,2024-12-07 02:45:00
1365,1,3,High,2024-12-07 08:45:00
1366,1,1,Low,2024-12-07 14:45:00
1367,1,1,Low,2024-12-07 20:45:00
1368,1,2,Medium,2024-12-08 02:45:00
1370,1,2,Medium,2024-12-08 14:45:00
1371,1,1,Low,2024-12-08 20:45:00
1372,1,4,Critical,2024-12-09 02:45:00
1373,1,3,High,2024-12-09 08:45:00
1374,1,1,Low,2024-12-09 14:45:00
1376,1,4,Critical,2024-12-10 02:45:00
1377,1,3,High,2024-12-10 08:45:00
1378,1,2,Medium,2024-12-10 14:45:00
1379,1,3,High,2024-12-10 20:45:00
1380,1,3,High,2024-12-11 02:45:00
1381,1,4,Critical,2024-12-11 08:45:00
1382,1,2,Medium,2024-12-11 14:45:00
1383,1,2,Medium,2024-12-11 20:45:00
1384,1,1,Low,2024-12-12 02:45:00
1385,1,4,Critical,2024-12-12 08:45:00
1386,1,3,High,2024-12-12 14:45:00
1388,1,4,Critical,2024-12-13 02:45:00
1389,1,4,Critical,2024-12-13 08:45:00
1390,1,4,Critical,2024-12-13 14:45:00
1391,1,4,Critical,2024-12-13 20:45:00
1392,1,4,Critical,2024-12-14 02:45:00
1393,1,2,Medium,2024-12-14 08:45:00
1394,1,4,Critical,2024-12-14 14:45:00
1395,1,4,Critical,2024-12-14 20:45:00
1397,1,1,Low,2024-12-15 08:45:00
1398,1,4,Critical,2024-12-15 14:45:00
1399,1,2,Medium,2024-12-15 20:45:00
1400,1,4,Critical,2024-12-16 02:45:00
1401,1,1,Low,2024-12-16 08:45:00
1402,1,1,Low,2024-12-16 14:45:00
1403,1,2,Medium,2024-12-16 20:45:00
1404,1,2,Medium,2024-12-17 02:45:00
1405,1,3,High,2024-12-17 08:45:00
1406,1,3,High,2024-12-17 14:45:00
1407,1,1,Low,2024-12-17 20:45:00
1408,1,1,Low,2024-12-18 02:45:00
1410,1,1,Low,2024-12-18 14:45:00
1411,1,4,Critical,2024-12-18 20:45:00
1412,1,2,Medium,2024-12-19 02:45:00
1414,1,2,Medium,2024-12-19 14:45:00
1415,1,1,Low,2024-12-19 20:45:00
1416,1,1,Low,2024-12-20 02:45:00
1417,1,2,Medium,2024-12-20 08:45:00
1418,1,4,Critical,2024-12-20 14:45:00
1419,1,4,Critical,2024-12-20 20:45:00
1420,1,4,Critical,2024-12-21 02:45:00
1421,1,2,Medium,2024-12-21 08:45:00
1422,1,2,Medium,2024-12-21 14:45:00
1423,1,2,Medium,2024-12-21 20:45:00
1424,1,3,High,2024-12-22 02:45:00
1425,1,4,Critical,2024-12-22 08:45:00
1426,1,1,Low,2024-12-22 14:45:00
1427,1,1,Low,2024-12-22 20:45:00
1428,1,3,High,2024-12-23 02:45:00
1429,1,4,Critical,2024-12-23 08:45:00
1430,1,4,Critical,2024-12-23 14:45:00
1431,1,3,High,2024-12-23 20:45:00
1432,1,4,Critical,2024-12-24 02:45:00
1433,1,2,Medium,2024-12-24 08:45:00
1434,1,4,Critical,2024-12-24 14:45:00
1435,1,4,Critical,2024-12-24 20:45:00
1436,1,4,Critical,2024-12-25 02:45:00
1437,1,2,Medium,2024-12-25 08:45:00
1438,1,1,Low,2024-12-25 14:45:00
1439,1,2,Medium,2024-12-25 20:45:00
1440,1,2,Medium,2024-12-26 02:45:00
1441,1,4,Critical,2024-12-26 08:45:00
1443,1,2,Medium,2024-12-26 20:45:00
1444,1,3,High,2024-12-27 02:45:00
1447,1,2,Medium,2024-12-27 20:45:00
1448,1,3,High,2024-12-28 02:45:00
1449,1,1,Low,2024-12-28 08:45:00
1450,1,4,Critical,2024-12-28 14:45:00
1452,1,4,Critical,2024-12-29 02:45:00
1453,1,2,Medium,2024-12-29 08:45:00
1455,1,1,Low,2024-12-29 20:45:00
1457,1,2,Medium,2024-12-30 08:45:00
1458,1,1,Low,2024-12-30 14:45:00
1459,1,2,Medium,2024-12-30 20:45:00
1460,1,3,High,2024-12-31 02:45:00
1461,1,2,Medium,2024-12-31 08:45:00
1462,1,1,Low,2024-12-31 14:45:00
1463,1,3,High,2024-12-31 20:45:00
1464,1,4,Critical,2025-01-01 02:45:00
1465,1,1,Low,2025-01-01 08:45:00
1466,1,1,Low,2025-01-01 14:45:00
1467,1,4,Critical,2025-01-01 20:45:00
1468,1,1,Low,2025-01-02 02:45:00
1469,1,4,Critical,2025-01-02 08:45:00
1471,1,4,Critical,2025-01-02 20:45:00
1473,1,4,Critical,2025-01-03 08:45:00
1474,1,2,Medium,2025-01-03 14:45:00
1475,1,3,High,2025-01-03 20:45:00
1476,1,1,Low,2025-01-04 02:45:00
1477,1,2,Medium,2025-01-04 08:45:00
1478,1,3,High,2025-01-04 14:45:00
1479,1,2,Medium,2025-01-04 20:45:00
1480,1,4,Critical,2025-01-05 02:45:00
1482,1,4,Critical,2025-01-05 14:45:00
1483,1,2,Medium,2025-01-05 20:45:00
1484,1,4,Critical,2025-01-06 02:45:00
1485,1,4,Critical,2025-01-06 08:45:00
1486,1,2,Medium,2025-01-06 14:45:00
1487,1,4,Critical,2025-01-06 20:45:00
1488,1,4,Critical,2025-01-07 02:45:00
1489,1,1,Low,2025-01-07 08:45:00
1490,1,3,High,2025-01-07 14:45:00
1492,1,4,Critical,2025-01-08 02:45:00
1495,1,2,Medium,2025-01-08 20:45:00
1496,1,3,High,2025-01-09 02:45:00
1497,1,4,Critical,2025-01-09 08:45:00
1498,1,4,Critical,2025-01-09 14:45:00
1499,1,2,Medium,2025-01-09 20:45:00
1500,1,1,Low,2025-01-10 02:45:00
1501,1,3,High,2025-01-10 08:45:00
1502,1,3,High,2025-01-10 14:45:00
1503,1,2,Medium,2025-01-10 20:45:00
1504,1,2,Medium,2025-01-11 02:45:00
1505,1,2,Medium,2025-01-11 08:45:00
1506,1,2,Medium,2025-01-11 14:45:00
1507,1,3,High,2025-01-11 20:45:00
1508,1,2,Medium,2025-01-12 02:45:00
1509,1,4,Critical,2025-01-12 08:45:00
1512,1,4,Critical,2025-01-13 02:45:00
1513,1,3,High,2025-01-13 08:45:00
1514,1,1,Low,2025-01-13 14:45:00
1515,1,3,High,2025-01-13 20:45:00
1517,1,4,Critical,2025-01-14 08:45:00
1518,1,2,Medium,2025-01-14 14:45:00
1519,1,3,High,2025-01-14 20:45:00
1520,1,1,Low,2025-01-15 02:45:00
1522,1,4,Critical,2025-01-15 14:45:00
1523,1,4,Critical,2025-01-15 20:45:00
1524,1,1,Low,2025-01-16 02:45:00
1525,1,2,Medium,2025-01-16 08:45:00
1527,1,3,High,2025-01-16 20:45:00
1528,1,3,High,2025-01-17 02:45:00
1529,1,3,High,2025-01-17 08:45:00
1530,1,2,Medium,2025-01-17 14:45:00
1531,1,4,Critical,2025-01-17 20:45:00
1532,1,2,Medium,2025-01-18 02:45:00
1533,1,1,Low,2025-01-18 08:45:00
1534,1,3,High,2025-01-18 14:45:00
1535,1,4,Critical,2025-01-18 20:45:00
1536,1,4,Critical,2025-01-19 02:45:00
1537,1,3,High,2025-01-19 08:45:00
1538,1,3,High,2025-01-19 14:45:00
1539,1,4,Critical,2025-01-19 20:45:00
1540,1,2,Medium,2025-01-20 02:45:00
1541,1,2,Medium,2025-01-20 08:45:00
1542,1,4,Critical,2025-01-20 14:45:00
1543,1,4,Critical,2025-01-20 20:45:00
1544,1,2,Medium,2025-01-21 02:45:00
1545,1,2,Medium,2025-01-21 08:45:00
1547,1,1,Low,2025-01-21 20:45:00
1548,1,4,Critical,2025-01-22 02:45:00
1549,1,2,Medium,2025-01-22 08:45:00
1550,1,4,Critical,2025-01-22 14:45:00
1551,1,1,Low,2025-01-22 20:45:00
1552,1,2,Medium,2025-01-23 02:45:00
1554,1,3,High,2025-01-23 14:45:00
1555,1,3,High,2025-01-23 20:45:00
1556,1,3,High,2025-01-24 02:45:00
1557,1,1,Low,2025-01-24 08:45:00
1559,1,1,Low,2025-01-24 20:45:00
1560,1,2,Medium,2025-01-25 02:45:00
1561,1,3,High,2025-01-25 08:45:00
1562,1,3,High,2025-01-25 14:45:00
1563,1,3,High,2025-01-25 20:45:00
1565,1,2,Medium,2025-01-26 08:45:00
1566,1,2,Medium,2025-01-26 14:45:00
1567,1,1,Low,2025-01-26 20:45:00
1568,1,4,Critical,2025-01-27 02:45:00
1569,1,3,High,2025-01-27 08:45:00
1570,1,1,Low,2025-01-27 14:45:00
1571,1,1,Low,2025-01-27 20:45:00
1572,1,4,Critical,2025-01-28 02:45:00
1573,1,3,High,2025-01-28 08:45:00
1574,1,3,High,2025-01-28 14:45:00
1575,1,2,Medium,2025-01-28 20:45:00
1576,1,2,Medium,2025-01-29 02:45:00
1577,1,4,Critical,2025-01-29 08:45:00
1578,1,4,Critical,2025-01-29 14:45:00
1579,1,2,Medium,2025-01-29 20:45:00
1580,1,4,Critical,2025-01-30 02:45:00
1581,1,3,High,2025-01-30 08:45:00
1583,1,2,Medium,2025-01-30 20:45:00
1584,1,1,Low,2025-01-31 02:45:00
1585,1,1,Low,2025-01-31 08:45:00
1586,1,3,High,2025-01-31 14:45:00
1588,1,4,Critical,2025-02-01 02:45:00
1589,1,4,Critical,2025-02-01 08:45:00
1591,1,2,Medium,2025-02-01 20:45:00
1592,1,4,Critical,2025-02-02 02:45:00
1593,1,4,Critical,2025-02-02 08:45:00
1594,1,3,High,2025-02-02 14:45:00
1595,1,2,Medium,2025-02-02 20:45:00
1596,1,2,Medium,2025-02-03 02:45:00
1597,1,3,High,2025-02-03 08:45:00
1598,1,4,Critical,2025-02-03 14:45:00
1599,1,2,Medium,2025-02-03 20:45:00
1600,1,4,Critical,2025-02-04 02:45:00
1601,1,2,Medium,2025-02-04 08:45:00
1602,1,4,Critical,2025-02-04 14:45:00
1603,1,3,High,2025-02-04 20:45:00
1604,1,2,Medium,2025-02-05 02:45:00
1605,1,3,High,2025-02-05 08:45:00
1606,1,2,Medium,2025-02-05 14:45:00
1607,1,2,Medium,2025-02-05 20:45:00
1608,1,1,Low,2025-02-06 02:45:00
1609,1,1,Low,2025-02-06 08:45:00
1610,1,2,Medium,2025-02-06 14:45:00
1611,1,3,High,2025-02-06 20:45:00
1612,1,3,High,2025-02-07 02:45:00
1614,1,4,Critical,2025-02-07 14:45:00
1615,1,3,High,2025-02-07 20:45:00
1616,1,4,Critical,2025-02-08 02:45:00
1617,1,3,High,2025-02-08 08:45:00
1618,1,1,Low,2025-02-08 14:45:00
1619,1,2,Medium,2025-02-08 20:45:00
1620,1,3,High,2025-02-09 02:45:00
1621,1,1,Low,2025-02-09 08:45:00
1622,1,1,Low,2025-02-09 14:45:00
1623,1,1,Low,2025-02-09 20:45:00
1625,1,2,Medium,2025-02-10 08:45:00
1626,1,2,Medium,2025-02-10 14:45:00
1627,1,1,Low,2025-02-10 20:45:00
1628,1,3,High,2025-02-11 02:45:00
1629,1,3,High,2025-02-11 08:45:00
1630,1,2,Medium,2025-02-11 14:45:00
1631,1,1,Low,2025-02-11 20:45:00
1632,1,1,Low,2025-02-12 02:45:00
1634,1,1,Low,2025-02-12 14:45:00
1635,1,2,Medium,2025-02-12 20:45:00
1636,1,3,High,2025-02-13 02:45:00
1637,1,2,Medium,2025-02-13 08:45:00
1638,1,2,Medium,2025-02-13 14:45:00
1639,1,2,Medium,2025-02-13 20:45:00
1640,1,3,High,2025-02-14 02:45:00
1641,1,4,Critical,2025-02-14 08:45:00
1642,1,3,High,2025-02-14 14:45:00
1643,1,2,Medium,2025-02-14 20:45:00
1644,1,2,Medium,2025-02-15 02:45:00
1646,1,4,Critical,2025-02-15 14:45:00
1647,1,1,Low,2025-02-15 20:45:00
1648,1,4,Critical,2025-02-16 02:45:00
1649,1,3,High,2025-02-16 08:45:00
1650,1,3,High,2025-02-16 14:45:00
1651,1,1,Low,2025-02-16 20:45:00
1652,1,3,High,2025-02-17 02:45:00
1653,1,2,Medium,2025-02-17 08:45:00
1654,1,1,Low,2025-02-17 14:45:00
1655,1,2,Medium,2025-02-17 20:45:00
1656,1,4,Critical,2025-02-18 02:45:00
1657,1,2,Medium,2025-02-18 08:45:00
1658,1,2,Medium,2025-02-18 14:45:00
1659,1,1,Low,2025-02-18 20:45:00
1660,1,3,High,2025-02-19 02:45:00
1661,1,3,High,2025-02-19 08:45:00
1662,1,3,High,2025-02-19 14:45:00
1664,1,2,Medium,2025-02-20 02:45:00
1665,1,3,High,2025-02-20 08:45:00
1666,1,2,Medium,2025-02-20 14:45:00
1667,1,4,Critical,2025-02-20 20:45:00
1668,1,3,High,2025-02-21 02:45:00
1669,1,2,Medium,2025-02-21 08:45:00
1670,1,2,Medium,2025-02-21 14:45:00
1671,1,4,Critical,2025-02-21 20:45:00
1672,1,1,Low,2025-02-22 02:45:00
1674,1,3,High,2025-02-22 14:45:00
1675,1,2,Medium,2025-02-22 20:45:00
1676,1,4,Critical,2025-02-23 02:45:00
1678,1,3,High,2025-02-23 14:45:00
1679,1,1,Low,2025-02-23 20:45:00
1680,1,1,Low,2025-02-24 02:45:00
1681,1,4,Critical,2025-02-24 08:45:00
1682,1,3,High,2025-02-24 14:45:00
1683,1,2,Medium,2025-02-24 20:45:00
1684,1,2,Medium,2025-02-25 02:45:00
1685,1,3,High,2025-02-25 08:45:00
1686,1,2,Medium,2025-02-25 14:45:00
1687,1,4,Critical,2025-02-25 20:45:00
1688,1,4,Critical,2025-02-26 02:45:00
1689,1,3,High,2025-02-26 08:45:00
1690,1,2,Medium,2025-02-26 14:45:00
1692,1,3,High,2025-02-27 02:45:00
1693,1,1,Low,2025-02-27 08:45:00
1695,1,1,Low,2025-02-27 20:45:00
1696,1,1,Low,2025-02-28 02:45:00
1697,1,1,Low,2025-02-28 08:45:00
1698,1,2,Medium,2025-02-28 14:45:00
1699,1,4,Critical,2025-02-28 20:45:00
1701,1,2,Medium,2025-03-01 08:45:00
1703,1,2,Medium,2025-03-01 20:45:00
1704,1,2,Medium,2025-03-02 02:45:00
1705,1,3,High,2025-03-02 08:45:00
1706,1,4,Critical,2025-03-02 14:45:00
1708,1,1,Low,2025-03-03 02:45:00
1710,1,4,Critical,2025-03-03 14:45:00
1711,1,3,High,2025-03-03 20:45:00
1712,1,4,Critical,2025-03-04 02:45:00
1714,1,4,Critical,2025-03-04 14:45:00
1716,1,1,Low,2025-03-05 02:45:00
1717,1,4,Critical,2025-03-05 08:45:00
1718,1,4,Critical,2025-03-05 14:45:00
1720,1,1,Low,2025-03-06 02:45:00
1721,1,1,Low,2025-03-06 08:45:00
1722,1,1,Low,2025-03-06 14:45:00
1723,1,1,Low,2025-03-06 20:45:00
1724,1,4,Critical,2025-03-07 02:45:00
1725,1,3,High,2025-03-07 08:45:00
1726,1,4,Critical,2025-03-07 14:45:00
1727,1,3,High,2025-03-07 20:45:00
1728,1,2,Medium,2025-03-08 02:45:00
1729,1,4,Critical,2025-03-08 08:45:00
1730,1,3,High,2025-03-08 14:45:00
1732,1,3,High,2025-03-09 02:45:00
1733,1,2,Medium,2025-03-09 08:45:00
1734,1,4,Critical,2025-03-09 14:45:00
1735,1,4,Critical,2025-03-09 20:45:00
1736,1,2,Medium,2025-03-10 02:45:00
1737,1,3,High,2025-03-10 08:45:00
1738,1,1,Low,2025-03-10 14:45:00
1739,1,3,High,2025-03-10 20:45:00
1741,1,1,Low,2025-03-11 08:45:00
1742,1,2,Medium,2025-03-11 14:45:00
1743,1,3,High,2025-03-11 20:45:00
1744,1,1,Low,2025-03-12 02:45:00
1745,1,4,Critical,2025-03-12 08:45:00
1746,1,1,Low,2025-03-12 14:45:00
1747,1,4,Critical,2025-03-12 20:45:00
1748,1,3,High,2025-03-13 02:45:00
1750,1,2,Medium,2025-03-13 14:45:00
1751,1,3,High,2025-03-13 20:45:00
1752,1,3,High,2025-03-14 02:45:00
1753,1,3,High,2025-03-14 08:45:00
1755,1,2,Medium,2025-03-14 20:45:00
1756,1,4,Critical,2025-03-15 02:45:00
1757,1,1,Low,2025-03-15 08:45:00
1758,1,2,Medium,2025-03-15 14:45:00
1760,1,3,High,2025-03-16 02:45:00
1761,1,3,High,2025-03-16 08:45:00
1762,1,2,Medium,2025-03-16 14:45:00
1763,1,1,Low,2025-03-16 20:45:00
1764,1,1,Low,2025-03-17 02:45:00
1765,1,2,Medium,2025-03-17 08:45:00
1767,1,4,Critical,2025-03-17 20:45:00
1768,1,2,Medium,2025-03-18 02:45:00
1769,1,2,Medium,2025-03-18 08:45:00
1770,1,4,Critical,2025-03-18 14:45:00
1771,1,2,Medium,2025-03-18 20:45:00
1772,1,3,High,2025-03-19 02:45:00
1774,1,2,Medium,2025-03-19 14:45:00
1775,1,4,Critical,2025-03-19 20:45:00
1776,1,3,High,2025-03-20 02:45:00
1777,1,2,Medium,2025-03-20 08:45:00
1778,1,3,High,2025-03-20 14:45:00
1779,1,4,Critical,2025-03-20 20:45:00
1780,1,2,Medium,2025-03-21 02:45:00
1781,1,2,Medium,2025-03-21 08:45:00
1782,1,4,Critical,2025-03-21 14:45:00
1783,1,1,Low,2025-03-21 20:45:00
1784,1,3,High,2025-03-22 02:45:00
1785,1,3,High,2025-03-22 08:45:00
1786,1,3,High,2025-03-22 14:45:00
1787,1,2,Medium,2025-03-22 20:45:00
1788,1,2,Medium,2025-03-23 02:45:00
1789,1,3,High,2025-03-23 08:45:00
1790,1,1,Low,2025-03-23 14:45:00
1792,1,1,Low,2025-03-24 02:45:00
1794,1,4,Critical,2025-03-24 14:45:00
1795,1,2,Medium,2025-03-24 20:45:00
1796,1,4,Critical,2025-03-25 02:45:00
1798,1,3,High,2025-03-25 14:45:00
1799,1,1,Low,2025-03-25 20:45:00
1800,1,4,Critical,2025-03-26 02:45:00
1801,1,4,Critical,2025-03-26 08:45:00
1802,1,1,Low,2025-03-26 14:45:00
1803,1,4,Critical,2025-03-26 20:45:00
1804,1,1,Low,2025-03-27 02:45:00
1805,1,3,High,2025-03-27 08:45:00
1806,1,4,Critical,2025-03-27 14:45:00
1807,1,4,Critical,2025-03-27 20:45:00
1808,1,4,Critical,2025-03-28 02:45:00
1809,1,2,Medium,2025-03-28 08:45:00
1813,1,4,Critical,2025-03-29 08:45:00
1814,1,1,Low,2025-03-29 14:45:00
1815,1,3,High,2025-03-29 20:45:00
1816,1,2,Medium,2025-03-30 02:45:00
1817,1,2,Medium,2025-03-30 08:45:00
1818,1,3,High,2025-03-30 14:45:00
1819,1,2,Medium,2025-03-30 20:45:00
1820,1,4,Critical,2025-03-31 02:45:00
1821,1,1,Low,2025-03-31 08:45:00
1822,1,4,Critical,2025-03-31 14:45:00
1823,1,1,Low,2025-03-31 20:45:00
1824,1,1,Low,2025-04-01 02:45:00
1825,1,3,High,2025-04-01 08:45:00
1826,1,4,Critical,2025-04-01 14:45:00
1827,1,2,Medium,2025-04-01 20:45:00
1829,1,2,Medium,2025-04-02 08:45:00
1830,1,1,Low,2025-04-02 14:45:00
1831,1,4,Critical,2025-04-02 20:45:00
1832,1,3,High,2025-04-03 02:45:00
1834,1,2,Medium,2025-04-03 14:45:00
1835,1,3,High,2025-04-03 20:45:00
1836,1,2,Medium,2025-04-04 02:45:00
1837,1,3,High,2025-04-04 08:45:00
1838,1,1,Low,2025-04-04 14:45:00
1839,1,3,High,2025-04-04 20:45:00
1840,1,1,Low,2025-04-05 02:45:00
1841,1,4,Critical,2025-04-05 08:45:00
1843,1,2,Medium,2025-04-05 20:45:00
1844,1,4,Critical,2025-04-06 02:45:00
1845,1,1,Low,2025-04-06 08:45:00
1846,1,2,Medium,2025-04-06 14:45:00
1847,1,2,Medium,2025-04-06 20:45:00
1848,1,2,Medium,2025-04-07 02:45:00
1849,1,4,Critical,2025-04-07 08:45:00
1850,1,3,High,2025-04-07 14:45:00
1852,1,3,High,2025-04-08 02:45:00
1854,1,4,Critical,2025-04-08 14:45:00
1855,1,2,Medium,2025-04-08 20:45:00
1856,1,3,High,2025-04-09 02:45:00
1858,1,2,Medium,2025-04-09 14:45:00
1859,1,2,Medium,2025-04-09 20:45:00
1860,1,1,Low,2025-04-10 02:45:00
1861,1,3,High,2025-04-10 08:45:00
1863,1,4,Critical,2025-04-10 20:45:00
1864,1,2,Medium,2025-04-11 02:45:00
1865,1,3,High,2025-04-11 08:45:00
1866,1,4,Critical,2025-04-11 14:45:00
1867,1,3,High,2025-04-11 20:45:00
1868,1,4,Critical,2025-04-12 02:45:00
1869,1,4,Critical,2025-04-12 08:45:00
1870,1,2,Medium,2025-04-12 14:45:00
1871,1,3,High,2025-04-12 20:45:00
1872,1,1,Low,2025-04-13 02:45:00
1874,1,2,Medium,2025-04-13 14:45:00
1875,1,3,High,2025-04-13 20:45:00
1877,1,2,Medium,2025-04-14 08:45:00
1878,1,2,Medium,2025-04-14 14:45:00
1879,1,4,Critical,2025-04-14 20:45:00
1880,1,1,Low,2025-04-15 02:45:00
1883,1,4,Critical,2025-04-15 20:45:00
1884,1,4,Critical,2025-04-16 02:45:00
1885,1,3,High,2025-04-16 08:45:00
1886,1,4,Critical,2025-04-16 14:45:00
1888,1,4,Critical,2025-04-17 02:45:00
1889,1,1,Low,2025-04-17 08:45:00
1890,1,1,Low,2025-04-17 14:45:00
1892,1,3,High,2025-04-18 02:45:00
1893,1,4,Critical,2025-04-18 08:45:00
1894,1,2,Medium,2025-04-18 14:45:00
1895,1,4,Critical,2025-04-18 20:45:00
1896,1,2,Medium,2025-04-19 02:45:00
1897,1,1,Low,2025-04-19 08:45:00
1898,1,2,Medium,2025-04-19 14:45:00
1899,1,3,High,2025-04-19 20:45:00
1900,1,4,Critical,2025-04-20 02:45:00
1902,1,3,High,2025-04-20 14:45:00
1903,1,2,Medium,2025-04-20 20:45:00
1904,1,3,High,2025-04-21 02:45:00
1905,1,4,Critical,2025-04-21 08:45:00
1907,1,4,Critical,2025-04-21 20:45:00
1908,1,3,High,2025-04-22 02:45:00
1910,1,4,Critical,2025-04-22 14:45:00
1911,1,2,Medium,2025-04-22 20:45:00
1913,1,1,Low,2025-04-23 08:45:00
1914,1,2,Medium,2025-04-23 14:45:00
1915,1,4,Critical,2025-04-23 20:45:00
1916,1,3,High,2025-04-24 02:45:00
1917,1,4,Critical,2025-04-24 08:45:00
1918,1,2,Medium,2025-04-24 14:45:00
1921,1,2,Medium,2025-04-25 08:45:00
1922,1,4,Critical,2025-04-25 14:45:00
1923,1,3,High,2025-04-25 20:45:00
1924,1,2,Medium,2025-04-26 02:45:00
1925,1,4,Critical,2025-04-26 08:45:00
1926,1,4,Critical,2025-04-26 14:45:00
1928,1,4,Critical,2025-04-27 02:45:00
1929,1,2,Medium,2025-04-27 08:45:00
1930,1,1,Low,2025-04-27 14:45:00
1931,1,2,Medium,2025-04-27 20:45:00
1932,1,2,Medium,2025-04-28 02:45:00
1935,1,1,Low,2025-04-28 20:45:00
1936,1,3,High,2025-04-29 02:45:00
1937,1,4,Critical,2025-04-29 08:45:00
1938,1,4,Critical,2025-04-29 14:45:00
1939,1,2,Medium,2025-04-29 20:45:00
1940,1,2,Medium,2025-04-30 02:45:00
1941,1,1,Low,2025-04-30 08:45:00
1942,1,1,Low,2025-04-30 14:45:00
1943,1,2,Medium,2025-04-30 20:45:00
1944,1,3,High,2025-05-01 02:45:00
1945,1,3,High,2025-05-01 08:45:00
1946,1,3,High,2025-05-01 14:45:00
1947,1,2,Medium,2025-05-01 20:45:00
1949,1,3,High,2025-05-02 08:45:00
1951,1,1,Low,2025-05-02 20:45:00
1952,1,2,Medium,2025-05-03 02:45:00
1953,1,2,Medium,2025-05-03 08:45:00
1954,1,1,Low,2025-05-03 14:45:00
1955,1,4,Critical,2025-05-03 20:45:00
1956,1,4,Critical,2025-05-04 02:45:00
1958,1,1,Low,2025-05-04 14:45:00
1959,1,3,High,2025-05-04 20:45:00
1960,1,1,Low,2025-05-05 02:45:00
1961,1,2,Medium,2025-05-05 08:45:00
1963,1,2,Medium,2025-05-05 20:45:00
1964,1,4,Critical,2025-05-06 02:45:00
1965,1,4,Critical,2025-05-06 08:45:00
1966,1,1,Low,2025-05-06 14:45:00
1967,1,2,Medium,2025-05-06 20:45:00
1969,1,1,Low,2025-05-07 08:45:00
1970,1,4,Critical,2025-05-07 14:45:00
1971,1,3,High,2025-05-07 20:45:00
1972,1,2,Medium,2025-05-08 02:45:00
1973,1,3,High,2025-05-08 08:45:00
1974,1,4,Critical,2025-05-08 14:45:00
1975,1,4,Critical,2025-05-08 20:45:00
1976,1,1,Low,2025-05-09 02:45:00
1977,1,1,Low,2025-05-09 08:45:00
1978,1,3,High,2025-05-09 14:45:00
1980,1,4,Critical,2025-05-10 02:45:00
1981,1,3,High,2025-05-10 08:45:00
1982,1,4,Critical,2025-05-10 14:45:00
1983,1,1,Low,2025-05-10 20:45:00
1984,1,4,Critical,2025-05-11 02:45:00
1985,1,2,Medium,2025-05-11 08:45:00
1986,1,4,Critical,2025-05-11 14:45:00
1987,1,1,Low,2025-05-11 20:45:00
1989,1,4,Critical,2025-05-12 08:45:00
1992,1,4,Critical,2025-05-13 02:45:00
1993,1,2,Medium,2025-05-13 08:45:00
1994,1,3,High,2025-05-13 14:45:00
1995,1,1,Low,2025-05-13 20:45:00
1996,1,4,Critical,2025-05-14 02:45:00
1997,1,3,High,2025-05-14 08:45:00
1998,1,2,Medium,2025-05-14 14:45:00
1999,1,1,Low,2025-05-14 20:45:00
2000,1,3,High,2025-05-15 02:45:00
2002,1,1,Low,2025-05-15 14:45:00
2003,1,3,High,2025-05-15 20:45:00
2004,1,1,Low,2025-05-16 02:45:00
2005,1,1,Low,2025-05-16 08:45:00
2006,1,3,High,2025-05-16 14:45:00
2007,1,1,Low,2025-05-16 20:45:00
2008,1,2,Medium,2025-05-17 02:45:00
2009,1,1,Low,2025-05-17 08:45:00
2010,1,3,High,2025-05-17 14:45:00
2011,1,3,High,2025-05-17 20:45:00
2012,1,3,High,2025-05-18 02:45:00
2013,1,2,Medium,2025-05-18 08:45:00
2015,1,1,Low,2025-05-18 20:45:00
2016,1,2,Medium,2025-05-19 02:45:00
2017,1,4,Critical,2025-05-19 08:45:00
2018,1,1,Low,2025-05-19 14:45:00
2020,1,1,Low,2025-05-20 02:45:00
2021,1,3,High,2025-05-20 08:45:00
2022,1,3,High,2025-05-20 14:45:00
2023,1,3,High,2025-05-20 20:45:00
2024,1,4,Critical,2025-05-21 02:45:00
2025,1,2,Medium,2025-05-21 08:45:00
2026,1,1,Low,2025-05-21 14:45:00
2027,1,2,Medium,2025-05-21 20:45:00
2028,1,3,High,2025-05-22 02:45:00
2029,1,3,High,2025-05-22 08:45:00
2030,1,2,Medium,2025-05-22 14:45:00
2031,1,3,High,2025-05-22 20:45:00
2032,1,3,High,2025-05-23 02:45:00
2033,1,4,Critical,2025-05-23 08:45:00
2034,1,3,High,2025-05-23 14:45:00
2035,1,4,Critical,2025-05-23 20:45:00
2036,1,2,Medium,2025-05-24 02:45:00
2037,1,3,High,2025-05-24 08:45:00
2038,1,4,Critical,2025-05-24 14:45:00
2039,1,2,Medium,2025-05-24 20:45:00
2040,1,4,Critical,2025-05-25 02:45:00
2041,1,3,High,2025-05-25 08:45:00
2042,1,1,Low,2025-05-25 14:45:00
2043,1,3,High,2025-05-25 20:45:00
2044,1,1,Low,2025-05-26 02:45:00
2045,1,4,Critical,2025-05-26 08:45:00
2046,1,4,Critical,2025-05-26 14:45:00
2047,1,1,Low,2025-05-26 20:45:00
2049,1,3,High,2025-05-27 08:45:00
2050,1,2,Medium,2025-05-27 14:45:00
2053,1,2,Medium,2025-05-28 08:45:00
2054,1,1,Low,2025-05-28 14:45:00
2055,1,4,Critical,2025-05-28 20:45:00
2056,1,4,Critical,2025-05-29 02:45:00
2057,1,3,High,2025-05-29 08:45:00
2058,1,4,Critical,2025-05-29 14:45:00
2059,1,1,Low,2025-05-29 20:45:00
2060,1,2,Medium,2025-05-30 02:45:00
2061,1,1,Low,2025-05-30 08:45:00
2062,1,3,High,2025-05-30 14:45:00
2063,1,4,Critical,2025-05-30 20:45:00
2064,1,3,High,2025-05-31 02:45:00
2065,1,4,Critical,2025-05-31 08:45:00
2066,1,3,High,2025-05-31 14:45:00
2067,1,2,Medium,2025-05-31 20:45:00
2068,1,2,Medium,2025-06-01 02:45:00
2070,1,1,Low,2025-06-01 14:45:00
2071,1,3,High,2025-06-01 20:45:00
2073,1,2,Medium,2025-06-02 08:45:00
2074,1,3,High,2025-06-02 14:45:00
2076,1,2,Medium,2025-06-03 02:45:00
2077,1,2,Medium,2025-06-03 08:45:00
2078,1,2,Medium,2025-06-03 14:45:00
2079,1,4,Critical,2025-06-03 20:45:00
2080,1,2,Medium,2025-06-04 02:45:00
2081,1,3,High,2025-06-04 08:45:00
2082,1,4,Critical,2025-06-04 14:45:00
2083,1,4,Critical,2025-06-04 20:45:00
2084,1,4,Critical,2025-06-05 02:45:00
2085,1,2,Medium,2025-06-05 08:45:00
2086,1,1,Low,2025-06-05 14:45:00
2087,1,2,Medium,2025-06-05 20:45:00
2088,1,2,Medium,2025-06-06 02:45:00
2089,1,4,Critical,2025-06-06 08:45:00
2090,1,3,High,2025-06-06 14:45:00
2091,1,1,Low,2025-06-06 20:45:00
2092,1,1,Low,2025-06-07 02:45:00
2093,1,1,Low,2025-06-07 08:45:00
2094,1,3,High,2025-06-07 14:45:00
2095,1,3,High,2025-06-07 20:45:00
2096,1,4,Critical,2025-06-08 02:45:00
2097,1,4,Critical,2025-06-08 08:45:00
2098,1,1,Low,2025-06-08 14:45:00
2100,1,2,Medium,2025-06-09 02:45:00
2101,1,2,Medium,2025-06-09 08:45:00
2102,1,4,Critical,2025-06-09 14:45:00
2103,1,3,High,2025-06-09 20:45:00
2104,1,3,High,2025-06-10 02:45:00
2105,1,2,Medium,2025-06-10 08:45:00
2106,1,1,Low,2025-06-10 14:45:00
2107,1,1,Low,2025-06-10 20:45:00
2108,1,2,Medium,2025-06-11 02:45:00
2109,1,3,High,2025-06-11 08:45:00
2110,1,1,Low,2025-06-11 14:45:00
2111,1,3,High,2025-06-11 20:45:00
2112,1,4,Critical,2025-06-12 02:45:00
2113,1,2,Medium,2025-06-12 08:45:00
2114,1,3,High,2025-06-12 14:45:00
2115,1,2,Medium,2025-06-12 20:45:00
2116,1,3,High,2025-06-13 02:45:00
2117,1,3,High,2025-06-13 08:45:00
2118,1,4,Critical,2025-06-13 14:45:00
2120,1,2,Medium,2025-06-14 02:45:00
2121,1,1,Low,2025-06-14 08:45:00
2122,1,1,Low,2025-06-14 14:45:00
2123,1,3,High,2025-06-14 20:45:00
2124,1,4,Critical,2025-06-15 02:45:00
2125,1,2,Medium,2025-06-15 08:45:00
2126,1,1,Low,2025-06-15 14:45:00
2127,1,2,Medium,2025-06-15 20:45:00
2128,1,2,Medium,2025-06-16 02:45:00
2129,1,2,Medium,2025-06-16 08:45:00
2130,1,2,Medium,2025-06-16 14:45:00
2131,1,3,High,2025-06-16 20:45:00
2132,1,1,Low,2025-06-17 02:45:00
2133,1,2,Medium,2025-06-17 08:45:00
2134,1,4,Critical,2025-06-17 14:45:00
2135,1,2,Medium,2025-06-17 20:45:00
2136,1,3,High,2025-06-18 02:45:00
2137,1,3,High,2025-06-18 08:45:00
2138,1,3,High,2025-06-18 14:45:00
2139,1,2,Medium,2025-06-18 20:45:00
2140,1,2,Medium,2025-06-19 02:45:00
2141,1,4,Critical,2025-06-19 08:45:00
2142,1,3,High,2025-06-19 14:45:00
2143,1,2,Medium,2025-06-19 20:45:00
2144,1,1,Low,2025-06-20 02:45:00
2145,1,1,Low,2025-06-20 08:45:00
2146,1,1,Low,2025-06-20 14:45:00
2147,1,3,High,2025-06-20 20:45:00
2148,1,1,Low,2025-06-21 02:45:00
2149,1,2,Medium,2025-06-21 08:45:00
2150,1,3,High,2025-06-21 14:45:00
2151,1,2,Medium,2025-06-21 20:45:00
2152,1,3,High,2025-06-22 02:45:00
2153,1,3,High,2025-06-22 08:45:00
2154,1,2,Medium,2025-06-22 14:45:00
2155,1,3,High,2025-06-22 20:45:00
2156,1,3,High,2025-06-23 02:45:00
2157,1,2,Medium,2025-06-23 08:45:00
2159,1,2,Medium,2025-06-23 20:45:00
2160,1,4,Critical,2025-06-24 02:45:00
2161,1,3,High,2025-06-24 08:45:00
2162,1,1,Low,2025-06-24 14:45:00
2163,1,3,High,2025-06-24 20:45:00
2164,1,2,Medium,2025-06-25 02:45:00
2165,1,3,High,2025-06-25 08:45:00
2166,1,3,High,2025-06-25 14:45:00
2168,1,4,Critical,2025-06-26 02:45:00
2169,1,3,High,2025-06-26 08:45:00
2170,1,3,High,2025-06-26 14:45:00
2171,1,1,Low,2025-06-26 20:45:00
2172,1,4,Critical,2025-06-27 02:45:00
2173,1,4,Critical,2025-06-27 08:45:00
2175,1,2,Medium,2025-06-27 20:45:00
2176,1,2,Medium,2025-06-28 02:45:00
2177,1,3,High,2025-06-28 08:45:00
2178,1,3,High,2025-06-28 14:45:00
2179,1,1,Low,2025-06-28 20:45:00
2180,1,4,Critical,2025-06-29 02:45:00
2181,1,1,Low,2025-06-29 08:45:00
2182,1,4,Critical,2025-06-29 14:45:00
2184,1,2,Medium,2025-06-30 02:45:00
2185,1,1,Low,2025-06-30 08:45:00
2186,1,1,Low,2025-06-30 14:45:00
2187,1,3,High,2025-06-30 20:45:00
2188,1,2,Medium,2025-07-01 02:45:00
2189,1,1,Low,2025-07-01 08:45:00
2190,1,1,Low,2025-07-01 14:45:00
2191,1,1,Low,2025-07-01 20:45:00
2192,1,3,High,2025-07-02 02:45:00
2193,1,3,High,2025-07-02 08:45:00
2194,1,1,Low,2025-07-02 14:45:00
2195,1,3,High,2025-07-02 20:45:00
2196,1,1,Low,2025-07-03 02:45:00
2197,1,4,Critical,2025-07-03 08:45:00
2198,1,4,Critical,2025-07-03 14:45:00
2199,1,3,High,2025-07-03 20:45:00
2200,1,4,Critical,2025-07-04 02:45:00
2201,1,4,Critical,2025-07-04 08:45:00
2202,1,4,Critical,2025-07-04 14:45:00
2203,1,3,High,2025-07-04 20:45:00
2204,1,2,Medium,2025-07-05 02:45:00
2206,1,2,Medium,2025-07-05 14:45:00
2207,1,3,High,2025-07-05 20:45:00
2208,1,1,Low,2025-07-06 02:45:00
2209,1,2,Medium,2025-07-06 08:45:00
2210,1,2,Medium,2025-07-06 14:45:00
2211,1,2,Medium,2025-07-06 20:45:00
2212,1,3,High,2025-07-07 02:45:00
2213,1,4,Critical,2025-07-07 08:45:00
2214,1,3,High,2025-07-07 14:45:00
2215,1,3,High,2025-07-07 20:45:00
2216,1,3,High,2025-07-08 02:45:00
2217,1,2,Medium,2025-07-08 08:45:00
2218,1,1,Low,2025-07-08 14:45:00
2219,1,4,Critical,2025-07-08 20:45:00
2220,1,2,Medium,2025-07-09 02:45:00
2222,1,3,High,2025-07-09 14:45:00
2223,1,1,Low,2025-07-09 20:45:00
2224,1,2,Medium,2025-07-10 02:45:00
2225,1,1,Low,2025-07-10 08:45:00
2226,1,1,Low,2025-07-10 14:45:00
2227,1,1,Low,2025-07-10 20:45:00
2228,1,1,Low,2025-07-11 02:45:00
2229,1,3,High,2025-07-11 08:45:00
2230,1,4,Critical,2025-07-11 14:45:00
2231,1,2,Medium,2025-07-11 20:45:00
2232,1,4,Critical,2025-07-12 02:45:00
2233,1,1,Low,2025-07-12 08:45:00
2235,1,1,Low,2025-07-12 20:45:00
2236,1,3,High,2025-07-13 02:45:00
2238,1,3,High,2025-07-13 14:45:00
2239,1,3,High,2025-07-13 20:45:00
2240,1,2,Medium,2025-07-14 02:45:00
2241,1,3,High,2025-07-14 08:45:00
2242,1,4,Critical,2025-07-14 14:45:00
2245,1,3,High,2025-07-15 08:45:00
2246,1,3,High,2025-07-15 14:45:00
2247,1,1,Low,2025-07-15 20:45:00
2249,1,2,Medium,2025-07-16 08:45:00
2250,1,2,Medium,2025-07-16 14:45:00
2251,1,1,Low,2025-07-16 20:45:00
2252,1,4,Critical,2025-07-17 02:45:00
2253,1,3,High,2025-07-17 08:45:00
2254,1,2,Medium,2025-07-17 14:45:00
2255,1,3,High,2025-07-17 20:45:00
2256,1,4,Critical,2025-07-18 02:45:00
2257,1,1,Low,2025-07-18 08:45:00
2258,1,2,Medium,2025-07-18 14:45:00
2260,1,4,Critical,2025-07-19 02:45:00
2261,1,1,Low,2025-07-19 08:45:00
2262,1,4,Critical,2025-07-19 14:45:00
2263,1,2,Medium,2025-07-19 20:45:00
2264,1,2,Medium,2025-07-20 02:45:00
2266,1,1,Low,2025-07-20 14:45:00
2267,1,4,Critical,2025-07-20 20:45:00
2268,1,4,Critical,2025-07-21 02:45:00
2270,1,4,Critical,2025-07-21 14:45:00
2271,1,4,Critical,2025-07-21 20:45:00
2272,1,2,Medium,2025-07-22 02:45:00
2273,1,3,High,2025-07-22 08:45:00
2274,1,2,Medium,2025-07-22 14:45:00
2275,1,3,High,2025-07-22 20:45:00
2277,1,3,High,2025-07-23 08:45:00
2278,1,1,Low,2025-07-23 14:45:00
2279,1,4,Critical,2025-07-23 20:45:00
2280,1,4,Critical,2025-07-24 02:45:00
2281,1,2,Medium,2025-07-24 08:45:00
2282,1,2,Medium,2025-07-24 14:45:00
2283,1,2,Medium,2025-07-24 20:45:00
2284,1,3,High,2025-07-25 02:45:00
2285,1,2,Medium,2025-07-25 08:45:00
2286,1,3,High,2025-07-25 14:45:00
2287,1,2,Medium,2025-07-25 20:45:00
2290,1,1,Low,2025-07-26 14:45:00
2291,1,4,Critical,2025-07-26 20:45:00
2292,1,4,Critical,2025-07-27 02:45:00
2293,1,2,Medium,2025-07-27 08:45:00
2294,1,2,Medium,2025-07-27 14:45:00
2295,1,1,Low,2025-07-27 20:45:00
2296,1,2,Medium,2025-07-28 02:45:00
2297,1,1,Low,2025-07-28 08:45:00
2298,1,3,High,2025-07-28 14:45:00
2299,1,4,Critical,2025-07-28 20:45:00
2300,1,1,Low,2025-07-29 02:45:00
2301,1,3,High,2025-07-29 08:45:00
2302,1,1,Low,2025-07-29 14:45:00
2303,1,2,Medium,2025-07-29 20:45:00
2304,1,1,Low,2025-07-30 02:45:00
2305,1,2,Medium,2025-07-30 08:45:00
2306,1,1,Low,2025-07-30 14:45:00
2308,1,2,Medium,2025-07-31 02:45:00
2309,1,2,Medium,2025-07-31 08:45:00
2310,1,3,High,2025-07-31 14:45:00
2311,1,4,Critical,2025-07-31 20:45:00
2312,1,2,Medium,2025-08-01 02:45:00
2314,1,2,Medium,2025-08-01 14:45:00
2315,1,4,Critical,2025-08-01 20:45:00
2316,1,3,High,2025-08-02 02:45:00
2317,1,2,Medium,2025-08-02 08:45:00
2318,1,1,Low,2025-08-02 14:45:00
2319,1,2,Medium,2025-08-02 20:45:00
2321,1,4,Critical,2025-08-03 08:45:00
2322,1,4,Critical,2025-08-03 14:45:00
2323,1,1,Low,2025-08-03 20:45:00
2325,1,2,Medium,2025-08-04 08:45:00
2326,1,2,Medium,2025-08-04 14:45:00
2327,1,4,Critical,2025-08-04 20:45:00
2330,1,1,Low,2025-08-05 14:45:00
2331,1,4,Critical,2025-08-05 20:45:00
2332,1,3,High,2025-08-06 02:45:00
2333,1,2,Medium,2025-08-06 08:45:00
2334,1,1,Low,2025-08-06 14:45:00
2336,1,4,Critical,2025-08-07 02:45:00
2338,1,2,Medium,2025-08-07 14:45:00
2340,1,4,Critical,2025-08-08 02:45:00
2341,1,2,Medium,2025-08-08 08:45:00
2342,1,1,Low,2025-08-08 14:45:00
2343,1,3,High,2025-08-08 20:45:00
2344,1,3,High,2025-08-09 02:45:00
2345,1,3,High,2025-08-09 08:45:00
2346,1,4,Critical,2025-08-09 14:45:00
2347,1,2,Medium,2025-08-09 20:45:00
2348,1,1,Low,2025-08-10 02:45:00
2349,1,4,Critical,2025-08-10 08:45:00
2351,1,3,High,2025-08-10 20:45:00
2352,1,3,High,2025-08-11 02:45:00
2353,1,2,Medium,2025-08-11 08:45:00
2354,1,1,Low,2025-08-11 14:45:00
2355,1,3,High,2025-08-11 20:45:00
2356,1,4,Critical,2025-08-12 02:45:00
2357,1,2,Medium,2025-08-12 08:45:00
2360,1,1,Low,2025-08-13 02:45:00
2361,1,2,Medium,2025-08-13 08:45:00
2362,1,2,Medium,2025-08-13 14:45:00
2363,1,4,Critical,2025-08-13 20:45:00
2364,1,4,Critical,2025-08-14 02:45:00
2365,1,3,High,2025-08-14 08:45:00
2366,1,2,Medium,2025-08-14 14:45:00
2367,1,1,Low,2025-08-14 20:45:00
2368,1,4,Critical,2025-08-15 02:45:00
2369,1,2,Medium,2025-08-15 08:45:00
2370,1,1,Low,2025-08-15 14:45:00
2372,1,4,Critical,2025-08-16 02:45:00
2373,1,4,Critical,2025-08-16 08:45:00
2374,1,1,Low,2025-08-16 14:45:00
2375,1,4,Critical,2025-08-16 20:45:00
2376,1,2,Medium,2025-08-17 02:45:00
2377,1,1,Low,2025-08-17 08:45:00
2378,1,4,Critical,2025-08-17 14:45:00
2379,1,4,Critical,2025-08-17 20:45:00
2380,1,3,High,2025-08-18 02:45:00
2381,1,3,High,2025-08-18 08:45:00
2382,1,4,Critical,2025-08-18 14:45:00
2383,1,4,Critical,2025-08-18 20:45:00
2384,1,4,Critical,2025-08-19 02:45:00
2385,1,2,Medium,2025-08-19 08:45:00
2386,1,4,Critical,2025-08-19 14:45:00
2387,1,4,Critical,2025-08-19 20:45:00
2388,1,1,Low,2025-08-20 02:45:00
2389,1,4,Critical,2025-08-20 08:45:00
2391,1,2,Medium,2025-08-20 20:45:00
2392,1,3,High,2025-08-21 02:45:00
2393,1,1,Low,2025-08-21 08:45:00
2394,1,2,Medium,2025-08-21 14:45:00
2395,1,4,Critical,2025-08-21 20:45:00
2397,1,2,Medium,2025-08-22 08:45:00
2398,1,4,Critical,2025-08-22 14:45:00
2399,1,2,Medium,2025-08-22 20:45:00
2401,1,2,Medium,2025-08-23 08:45:00
2402,1,2,Medium,2025-08-23 14:45:00
2403,1,3,High,2025-08-23 20:45:00
2404,1,4,Critical,2025-08-24 02:45:00
2405,1,2,Medium,2025-08-24 08:45:00
2406,1,4,Critical,2025-08-24 14:45:00
2407,1,2,Medium,2025-08-24 20:45:00
2409,1,3,High,2025-08-25 08:45:00
2410,1,3,High,2025-08-25 14:45:00
2411,1,3,High,2025-08-25 20:45:00
2412,1,1,Low,2025-08-26 02:45:00
2413,1,1,Low,2025-08-26 08:45:00
2414,1,2,Medium,2025-08-26 14:45:00
2416,1,3,High,2025-08-27 02:45:00
2417,1,1,Low,2025-08-27 08:45:00
2418,1,3,High,2025-08-27 14:45:00
2419,1,2,Medium,2025-08-27 20:45:00
2420,1,2,Medium,2025-08-28 02:45:00
2421,1,2,Medium,2025-08-28 08:45:00
2422,1,1,Low,2025-08-28 14:45:00
2423,1,4,Critical,2025-08-28 20:45:00
2425,1,2,Medium,2025-08-29 08:45:00
2426,1,4,Critical,2025-08-29 14:45:00
2427,1,3,High,2025-08-29 20:45:00
2428,1,2,Medium,2025-08-30 02:45:00
2430,1,3,High,2025-08-30 14:45:00
2431,1,4,Critical,2025-08-30 20:45:00
2432,1,4,Critical,2025-08-31 02:45:00
2433,1,2,Medium,2025-08-31 08:45:00
2434,1,4,Critical,2025-08-31 14:45:00
2435,1,1,Low,2025-08-31 20:45:00
2437,1,4,Critical,2025-09-01 08:45:00
2439,1,1,Low,2025-09-01 20:45:00
2440,1,2,Medium,2025-09-02 02:45:00
2441,1,2,Medium,2025-09-02 08:45:00
2442,1,3,High,2025-09-02 14:45:00
2443,1,3,High,2025-09-02 20:45:00
2444,1,2,Medium,2025-09-03 02:45:00
2445,1,2,Medium,2025-09-03 08:45:00
2446,1,4,Critical,2025-09-03 14:45:00
2447,1,4,Critical,2025-09-03 20:45:00
2448,1,2,Medium,2025-09-04 02:45:00
2449,1,4,Critical,2025-09-04 08:45:00
2450,1,3,High,2025-09-04 14:45:00
2451,1,1,Low,2025-09-04 20:45:00
2452,1,1,Low,2025-09-05 02:45:00
2453,1,1,Low,2025-09-05 08:45:00
2454,1,3,High,2025-09-05 14:45:00
2455,1,1,Low,2025-09-05 20:45:00
2456,1,2,Medium,2025-09-06 02:45:00
2457,1,1,Low,2025-09-06 08:45:00
2458,1,4,Critical,2025-09-06 14:45:00
2459,1,2,Medium,2025-09-06 20:45:00
2460,1,4,Critical,2025-09-07 02:45:00
2461,1,4,Critical,2025-09-07 08:45:00
2462,1,1,Low,2025-09-07 14:45:00
2463,1,2,Medium,2025-09-07 20:45:00
2465,1,4,Critical,2025-09-08 08:45:00
2466,1,2,Medium,2025-09-08 14:45:00
2468,1,1,Low,2025-09-09 02:45:00
2470,1,4,Critical,2025-09-09 14:45:00
2471,1,3,High,2025-09-09 20:45:00
2472,1,4,Critical,2025-09-10 02:45:00
2473,1,2,Medium,2025-09-10 08:45:00
2474,1,1,Low,2025-09-10 14:45:00
2475,1,4,Critical,2025-09-10 20:45:00
2477,1,4,Critical,2025-09-11 08:45:00
2478,1,2,Medium,2025-09-11 14:45:00
2480,1,3,High,2025-09-12 02:45:00
2481,1,4,Critical,2025-09-12 08:45:00
2482,1,4,Critical,2025-09-12 14:45:00
2484,1,1,Low,2025-09-13 02:45:00
2485,1,3,High,2025-09-13 08:45:00
2486,1,3,High,2025-09-13 14:45:00
2487,1,3,High,2025-09-13 20:45:00
2488,1,1,Low,2025-09-14 02:45:00
2489,1,4,Critical,2025-09-14 08:45:00
2490,1,3,High,2025-09-14 14:45:00
2491,1,4,Critical,2025-09-14 20:45:00
2492,1,2,Medium,2025-09-15 02:45:00
2493,1,2,Medium,2025-09-15 08:45:00
2494,1,4,Critical,2025-09-15 14:45:00
2495,1,3,High,2025-09-15 20:45:00
2496,1,4,Critical,2025-09-16 02:45:00
2497,1,4,Critical,2025-09-16 08:45:00
2498,1,3,High,2025-09-16 14:45:00
2499,1,2,Medium,2025-09-16 20:45:00
2500,1,1,Low,2025-09-17 02:45:00
2501,1,1,Low,2025-09-17 08:45:00
2502,1,1,Low,2025-09-17 14:45:00
2503,1,1,Low,2025-09-17 20:45:00
2504,1,2,Medium,2025-09-18 02:45:00
2506,1,2,Medium,2025-09-18 14:45:00
2507,1,2,Medium,2025-09-18 20:45:00
2508,1,1,Low,2025-09-19 02:45:00
2509,1,1,Low,2025-09-19 08:45:00
2510,1,3,High,2025-09-19 14:45:00
2511,1,2,Medium,2025-09-19 20:45:00
2512,1,2,Medium,2025-09-20 02:45:00
2513,1,3,High,2025-09-20 08:45:00
2514,1,4,Critical,2025-09-20 14:45:00
2515,1,2,Medium,2025-09-20 20:45:00
2516,1,3,High,2025-09-21 02:45:00
2517,1,4,Critical,2025-09-21 08:45:00
2518,1,4,Critical,2025-09-21 14:45:00
2519,1,2,Medium,2025-09-21 20:45:00
2520,1,3,High,2025-09-22 02:45:00
2521,1,1,Low,2025-09-22 08:45:00
2522,1,3,High,2025-09-22 14:45:00
2523,1,4,Critical,2025-09-22 20:45:00
2524,1,2,Medium,2025-09-23 02:45:00
2525,1,4,Critical,2025-09-23 08:45:00
2526,1,2,Medium,2025-09-23 14:45:00
2527,1,4,Critical,2025-09-23 20:45:00
2528,1,3,High,2025-09-24 02:45:00
2529,1,1,Low,2025-09-24 08:45:00
2530,1,3,High,2025-09-24 14:45:00
2531,1,2,Medium,2025-09-24 20:45:00
2532,1,1,Low,2025-09-25 02:45:00
2533,1,4,Critical,2025-09-25 08:45:00
2535,1,4,Critical,2025-09-25 20:45:00
2536,1,2,Medium,2025-09-26 02:45:00
2537,1,1,Low,2025-09-26 08:45:00
2538,1,4,Critical,2025-09-26 14:45:00
2540,1,3,High,2025-09-27 02:45:00
2541,1,3,High,2025-09-27 08:45:00
2542,1,3,High,2025-09-27 14:45:00
2543,1,4,Critical,2025-09-27 20:45:00
2544,1,3,High,2025-09-28 02:45:00
2546,1,4,Critical,2025-09-28 14:45:00
2547,1,1,Low,2025-09-28 20:45:00
2548,1,2,Medium,2025-09-29 02:45:00
2549,1,4,Critical,2025-09-29 08:45:00
2550,1,3,High,2025-09-29 14:45:00
2551,1,4,Critical,2025-09-29 20:45:00
2552,1,3,High,2025-09-30 02:45:00
2553,1,4,Critical,2025-09-30 08:45:00
2554,1,4,Critical,2025-09-30 14:45:00
2555,1,2,Medium,2025-09-30 20:45:00
2556,1,1,Low,2025-10-01 02:45:00
2558,1,3,High,2025-10-01 14:45:00
2560,1,1,Low,2025-10-02 02:45:00
2561,1,2,Medium,2025-10-02 08:45:00
2562,1,4,Critical,2025-10-02 14:45:00
2563,1,3,High,2025-10-02 20:45:00
2565,1,1,Low,2025-10-03 08:45:00
2567,1,1,Low,2025-10-03 20:45:00
2568,1,1,Low,2025-10-04 02:45:00
2569,1,4,Critical,2025-10-04 08:45:00
2570,1,4,Critical,2025-10-04 14:45:00
2571,1,1,Low,2025-10-04 20:45:00
2572,1,1,Low,2025-10-05 02:45:00
2573,1,2,Medium,2025-10-05 08:45:00
2574,1,2,Medium,2025-10-05 14:45:00
2575,1,1,Low,2025-10-05 20:45:00
2577,1,1,Low,2025-10-06 08:45:00
2578,1,3,High,2025-10-06 14:45:00
2579,1,3,High,2025-10-06 20:45:00
2580,1,3,High,2025-10-07 02:45:00
2581,1,2,Medium,2025-10-07 08:45:00
2582,1,4,Critical,2025-10-07 14:45:00
2583,1,4,Critical,2025-10-07 20:45:00
2584,1,1,Low,2025-10-08 02:45:00
2585,1,2,Medium,2025-10-08 08:45:00
2587,1,1,Low,2025-10-08 20:45:00
2589,1,3,High,2025-10-09 08:45:00
2590,1,2,Medium,2025-10-09 14:45:00
2591,1,2,Medium,2025-10-09 20:45:00
2593,1,4,Critical,2025-10-10 08:45:00
2594,1,1,Low,2025-10-10 14:45:00
2595,1,3,High,2025-10-10 20:45:00
2596,1,1,Low,2025-10-11 02:45:00
2597,1,1,Low,2025-10-11 08:45:00
2598,1,2,Medium,2025-10-11 14:45:00
2599,1,1,Low,2025-10-11 20:45:00
2600,1,1,Low,2025-10-12 02:45:00
2601,1,1,Low,2025-10-12 08:45:00
2602,1,3,High,2025-10-12 14:45:00
2603,1,3,High,2025-10-12 20:45:00
2604,1,1,Low,2025-10-13 02:45:00
2605,1,3,High,2025-10-13 08:45:00
2607,1,3,High,2025-10-13 20:45:00
2609,1,3,High,2025-10-14 08:45:00
2610,1,4,Critical,2025-10-14 14:45:00
2611,1,4,Critical,2025-10-14 20:45:00
2612,1,1,Low,2025-10-15 02:45:00
2613,1,4,Critical,2025-10-15 08:45:00
2614,1,1,Low,2025-10-15 14:45:00
2615,1,4,Critical,2025-10-15 20:45:00
2619,1,1,Low,2025-10-16 20:45:00
2620,1,3,High,2025-10-17 02:45:00
2621,1,4,Critical,2025-10-17 08:45:00
2622,1,3,High,2025-10-17 14:45:00
2623,1,3,High,2025-10-17 20:45:00
2624,1,3,High,2025-10-18 02:45:00
2625,1,2,Medium,2025-10-18 08:45:00
2626,1,1,Low,2025-10-18 14:45:00
2627,1,1,Low,2025-10-18 20:45:00
2628,1,2,Medium,2025-10-19 02:45:00
2630,1,1,Low,2025-10-19 14:45:00
2633,1,4,Critical,2025-10-20 08:45:00
2634,1,1,Low,2025-10-20 14:45:00
2635,1,2,Medium,2025-10-20 20:45:00
2636,1,3,High,2025-10-21 02:45:00
2637,1,2,Medium,2025-10-21 08:45:00
2638,1,1,Low,2025-10-21 14:45:00
2639,1,2,Medium,2025-10-21 20:45:00
2640,1,1,Low,2025-10-22 02:45:00
2641,1,2,Medium,2025-10-22 08:45:00
2642,1,1,Low,2025-10-22 14:45:00
2643,1,3,High,2025-10-22 20:45:00
2644,1,3,High,2025-10-23 02:45:00
2645,1,2,Medium,2025-10-23 08:45:00
2646,1,2,Medium,2025-10-23 14:45:00
2647,1,2,Medium,2025-10-23 20:45:00
2648,1,4,Critical,2025-10-24 02:45:00
2649,1,1,Low,2025-10-24 08:45:00
2650,1,3,High,2025-10-24 14:45:00
2651,1,3,High,2025-10-24 20:45:00
2652,1,2,Medium,2025-10-25 02:45:00
2653,1,2,Medium,2025-10-25 08:45:00
2654,1,2,Medium,2025-10-25 14:45:00
2655,1,1,Low,2025-10-25 20:45:00
2656,1,1,Low,2025-10-26 02:45:00
2657,1,1,Low,2025-10-26 08:45:00
2658,1,1,Low,2025-10-26 14:45:00
2660,1,4,Critical,2025-10-27 02:45:00
2661,1,2,Medium,2025-10-27 08:45:00
2662,1,4,Critical,2025-10-27 14:45:00
2663,1,4,Critical,2025-10-27 20:45:00
2664,1,4,Critical,2025-10-28 02:45:00
2665,1,4,Critical,2025-10-28 08:45:00
2667,1,1,Low,2025-10-28 20:45:00
2668,1,3,High,2025-10-29 02:45:00
2669,1,3,High,2025-10-29 08:45:00
2670,1,4,Critical,2025-10-29 14:45:00
2671,1,4,Critical,2025-10-29 20:45:00
2672,1,2,Medium,2025-10-30 02:45:00
2673,1,2,Medium,2025-10-30 08:45:00
2676,1,2,Medium,2025-10-31 02:45:00
2677,1,2,Medium,2025-10-31 08:45:00
2678,1,4,Critical,2025-10-31 14:45:00
2679,1,2,Medium,2025-10-31 20:45:00
2680,1,4,Critical,2025-11-01 02:45:00
2681,1,3,High,2025-11-01 08:45:00
2682,1,4,Critical,2025-11-01 14:45:00
2684,1,4,Critical,2025-11-02 02:45:00
2685,1,3,High,2025-11-02 08:45:00
2686,1,1,Low,2025-11-02 14:45:00
2687,1,1,Low,2025-11-02 20:45:00
2688,1,4,Critical,2025-11-03 02:45:00
2689,1,1,Low,2025-11-03 08:45:00
2690,1,2,Medium,2025-11-03 14:45:00
2691,1,2,Medium,2025-11-03 20:45:00
2692,1,3,High,2025-11-04 02:45:00
2693,1,4,Critical,2025-11-04 08:45:00
2694,1,2,Medium,2025-11-04 14:45:00
2695,1,2,Medium,2025-11-04 20:45:00
2696,1,4,Critical,2025-11-05 02:45:00
2697,1,4,Critical,2025-11-05 08:45:00
2698,1,4,Critical,2025-11-05 14:45:00
2699,1,2,Medium,2025-11-05 20:45:00
2700,1,2,Medium,2025-11-06 02:45:00
2702,1,3,High,2025-11-06 14:45:00
2703,1,1,Low,2025-11-06 20:45:00
2704,1,2,Medium,2025-11-07 02:45:00
2705,1,1,Low,2025-11-07 08:45:00
2706,1,2,Medium,2025-11-07 14:45:00
2707,1,4,Critical,2025-11-07 20:45:00
2708,1,1,Low,2025-11-08 02:45:00
2709,1,3,High,2025-11-08 08:45:00
2710,1,4,Critical,2025-11-08 14:45:00
2711,1,2,Medium,2025-11-08 20:45:00
2712,1,3,High,2025-11-09 02:45:00
2713,1,4,Critical,2025-11-09 08:45:00
2714,1,4,Critical,2025-11-09 14:45:00
2715,1,2,Medium,2025-11-09 20:45:00
2717,1,1,Low,2025-11-10 08:45:00
2718,1,3,High,2025-11-10 14:45:00
2719,1,3,High,2025-11-10 20:45:00
2720,1,3,High,2025-11-11 02:45:00
2723,1,3,High,2025-11-11 20:45:00
2724,1,2,Medium,2025-11-12 02:45:00
2725,1,3,High,2025-11-12 08:45:00
2726,1,2,Medium,2025-11-12 14:45:00
2728,1,2,Medium,2025-11-13 02:45:00
2729,1,1,Low,2025-11-13 08:45:00
2730,1,2,Medium,2025-11-13 14:45:00
2731,1,1,Low,2025-11-13 20:45:00
2732,1,2,Medium,2025-11-14 02:45:00
2733,1,1,Low,2025-11-14 08:45:00
2735,1,3,High,2025-11-14 20:45:00
2736,1,2,Medium,2025-11-15 02:45:00
2737,1,3,High,2025-11-15 08:45:00
2738,1,3,High,2025-11-15 14:45:00
2739,1,3,High,2025-11-15 20:45:00
2740,1,4,Critical,2025-11-16 02:45:00
2742,1,3,High,2025-11-16 14:45:00
2743,1,4,Critical,2025-11-16 20:45:00
2744,1,4,Critical,2025-11-17 02:45:00
2746,1,2,Medium,2025-11-17 14:45:00
2748,1,3,High,2025-11-18 02:45:00
2749,1,3,High,2025-11-18 08:45:00
2751,1,2,Medium,2025-11-18 20:45:00
2752,1,3,High,2025-11-19 02:45:00
2753,1,2,Medium,2025-11-19 08:45:00
2754,1,4,Critical,2025-11-19 14:45:00
2755,1,3,High,2025-11-19 20:45:00
2756,1,1,Low,2025-11-20 02:45:00
2757,1,3,High,2025-11-20 08:45:00
2758,1,2,Medium,2025-11-20 14:45:00
2759,1,3,High,2025-11-20 20:45:00
2760,1,4,Critical,2025-11-21 02:45:00
2761,1,4,Critical,2025-11-21 08:45:00
2763,1,2,Medium,2025-11-21 20:45:00
2764,1,2,Medium,2025-11-22 02:45:00
2765,1,2,Medium,2025-11-22 08:45:00
2766,1,1,Low,2025-11-22 14:45:00
2767,1,2,Medium,2025-11-22 20:45:00
2768,1,1,Low,2025-11-23 02:45:00
2770,1,1,Low,2025-11-23 14:45:00
2771,1,4,Critical,2025-11-23 20:45:00
2772,1,3,High,2025-11-24 02:45:00
2773,1,2,Medium,2025-11-24 08:45:00
2774,1,1,Low,2025-11-24 14:45:00
2775,1,2,Medium,2025-11-24 20:45:00
2776,1,1,Low,2025-11-25 02:45:00
2777,1,2,Medium,2025-11-25 08:45:00
2778,1,4,Critical,2025-11-25 14:45:00
2779,1,3,High,2025-11-25 20:45:00
2780,1,3,High,2025-11-26 02:45:00
2781,1,2,Medium,2025-11-26 08:45:00
2782,1,4,Critical,2025-11-26 14:45:00
2783,1,4,Critical,2025-11-26 20:45:00
2784,1,2,Medium,2025-11-27 02:45:00
2785,1,2,Medium,2025-11-27 08:45:00
2787,1,1,Low,2025-11-27 20:45:00
2788,1,3,High,2025-11-28 02:45:00
2789,1,2,Medium,2025-11-28 08:45:00
2790,1,1,Low,2025-11-28 14:45:00
2791,1,1,Low,2025-11-28 20:45:00
2793,1,4,Critical,2025-11-29 08:45:00
2794,1,3,High,2025-11-29 14:45:00
2795,1,3,High,2025-11-29 20:45:00
2796,1,2,Medium,2025-11-30 02:45:00
2797,1,3,High,2025-11-30 08:45:00
2798,1,2,Medium,2025-11-30 14:45:00
2799,1,3,High,2025-11-30 20:45:00
2800,1,1,Low,2025-12-01 02:45:00
2801,1,2,Medium,2025-12-01 08:45:00
2803,1,2,Medium,2025-12-01 20:45:00
2804,1,4,Critical,2025-12-02 02:45:00
2805,1,1,Low,2025-12-02 08:45:00
2806,1,2,Medium,2025-12-02 14:45:00
2808,1,4,Critical,2025-12-03 02:45:00
2809,1,2,Medium,2025-12-03 08:45:00
2810,1,3,High,2025-12-03 14:45:00
2811,1,4,Critical,2025-12-03 20:45:00
2812,1,2,Medium,2025-12-04 02:45:00
2813,1,2,Medium,2025-12-04 08:45:00
2815,1,4,Critical,2025-12-04 20:45:00
2818,1,3,High,2025-12-05 14:45:00
2819,1,3,High,2025-12-05 20:45:00
2820,1,2,Medium,2025-12-06 02:45:00
2821,1,2,Medium,2025-12-06 08:45:00
2822,1,1,Low,2025-12-06 14:45:00
2823,1,2,Medium,2025-12-06 20:45:00
2824,1,2,Medium,2025-12-07 02:45:00
2825,1,4,Critical,2025-12-07 08:45:00
2826,1,2,Medium,2025-12-07 14:45:00
2827,1,4,Critical,2025-12-07 20:45:00
2828,1,3,High,2025-12-08 02:45:00
2829,1,1,Low,2025-12-08 08:45:00
2830,1,3,High,2025-12-08 14:45:00
2831,1,1,Low,2025-12-08 20:45:00
2832,1,4,Critical,2025-12-09 02:45:00
2833,1,4,Critical,2025-12-09 08:45:00
2834,1,2,Medium,2025-12-09 14:45:00
2835,1,2,Medium,2025-12-09 20:45:00
2839,1,2,Medium,2025-12-10 20:45:00
2840,1,3,High,2025-12-11 02:45:00
2841,1,1,Low,2025-12-11 08:45:00
2842,1,4,Critical,2025-12-11 14:45:00
2843,1,4,Critical,2025-12-11 20:45:00
2844,1,2,Medium,2025-12-12 02:45:00
2845,1,4,Critical,2025-12-12 08:45:00
2846,1,2,Medium,2025-12-12 14:45:00
2847,1,1,Low,2025-12-12 20:45:00
2848,1,3,High,2025-12-13 02:45:00
2850,1,3,High,2025-12-13 14:45:00
2851,1,4,Critical,2025-12-13 20:45:00
2852,1,4,Critical,2025-12-14 02:45:00
2853,1,3,High,2025-12-14 08:45:00
2854,1,3,High,2025-12-14 14:45:00
2855,1,1,Low,2025-12-14 20:45:00
2857,1,3,High,2025-12-15 08:45:00
2860,1,2,Medium,2025-12-16 02:45:00
2861,1,3,High,2025-12-16 08:45:00
2862,1,1,Low,2025-12-16 14:45:00
2863,1,3,High,2025-12-16 20:45:00
2864,1,1,Low,2025-12-17 02:45:00
2865,1,1,Low,2025-12-17 08:45:00
2868,1,4,Critical,2025-12-18 02:45:00
2870,1,1,Low,2025-12-18 14:45:00
2871,1,2,Medium,2025-12-18 20:45:00
2872,1,2,Medium,2025-12-19 02:45:00
2873,1,1,Low,2025-12-19 08:45:00
2875,1,4,Critical,2025-12-19 20:45:00
2876,1,3,High,2025-12-20 02:45:00
2877,1,2,Medium,2025-12-20 08:45:00
2879,1,2,Medium,2025-12-20 20:45:00
2880,1,2,Medium,2025-12-21 02:45:00
2881,1,3,High,2025-12-21 08:45:00
2882,1,4,Critical,2025-12-21 14:45:00
2883,1,1,Low,2025-12-21 20:45:00
2884,1,4,Critical,2025-12-22 02:45:00
2885,1,1,Low,2025-12-22 08:45:00
2886,1,1,Low,2025-12-22 14:45:00
2887,1,1,Low,2025-12-22 20:45:00
2888,1,1,Low,2025-12-23 02:45:00
2889,1,4,Critical,2025-12-23 08:45:00
2890,1,2,Medium,2025-12-23 14:45:00
2891,1,1,Low,2025-12-23 20:45:00
2892,1,4,Critical,2025-12-24 02:45:00
2893,1,4,Critical,2025-12-24 08:45:00
2894,1,3,High,2025-12-24 14:45:00
2895,1,4,Critical,2025-12-24 20:45:00
2896,1,1,Low,2025-12-25 02:45:00
2897,1,4,Critical,2025-12-25 08:45:00
2898,1,3,High,2025-12-25 14:45:00
2899,1,4,Critical,2025-12-25 20:45:00
2900,1,4,Critical,2025-12-26 02:45:00
2902,1,3,High,2025-12-26 14:45:00
2903,1,2,Medium,2025-12-26 20:45:00
2904,1,2,Medium,2025-12-27 02:45:00
2906,1,4,Critical,2025-12-27 14:45:00
2907,1,2,Medium,2025-12-27 20:45:00
2908,1,2,Medium,2025-12-28 02:45:00
2909,1,2,Medium,2025-12-28 08:45:00
2910,1,4,Critical,2025-12-28 14:45:00
2911,1,2,Medium,2025-12-28 20:45:00
2912,1,4,Critical,2025-12-29 02:45:00
2913,1,4,Critical,2025-12-29 08:45:00
2914,1,2,Medium,2025-12-29 14:45:00
2916,1,3,High,2025-12-30 02:45:00
2917,1,4,Critical,2025-12-30 08:45:00
2918,1,3,High,2025-12-30 14:45:00
2919,1,2,Medium,2025-12-30 20:45:00
2920,1,4,Critical,2025-12-31 02:45:00
2921,1,2,Medium,2025-12-31 08:45:00
2922,1,3,High,2025-12-31 14:45:00
2923,1,4,Critical,2025-12-31 20:45:00
2924,1,1,Low,2026-01-01 02:45:00
2925,1,4,Critical,2026-01-01 08:45:00
2926,1,3,High,2026-01-01 14:45:00
2927,1,4,Critical,2026-01-01 20:45:00
2928,1,1,Low,2026-01-02 02:45:00
2930,1,4,Critical,2026-01-02 14:45:00
2931,1,1,Low,2026-01-02 20:45:00
2932,1,1,Low,2026-01-03 02:45:00
2933,1,4,Critical,2026-01-03 08:45:00
2934,1,2,Medium,2026-01-03 14:45:00
2935,1,4,Critical,2026-01-03 20:45:00
2936,1,1,Low,2026-01-04 02:45:00
2937,1,2,Medium,2026-01-04 08:45:00
2938,1,3,High,2026-01-04 14:45:00
2939,1,3,High,2026-01-04 20:45:00
2940,1,3,High,2026-01-05 02:45:00
2942,1,4,Critical,2026-01-05 14:45:00
2944,1,2,Medium,2026-01-06 02:45:00
2945,1,1,Low,2026-01-06 08:45:00
2946,1,3,High,2026-01-06 14:45:00
2947,1,2,Medium,2026-01-06 20:45:00
2949,1,2,Medium,2026-01-07 08:45:00
2951,1,1,Low,2026-01-07 20:45:00
2952,1,3,High,2026-01-08 02:45:00
2953,1,2,Medium,2026-01-08 08:45:00
2954,1,4,Critical,2026-01-08 14:45:00
2955,1,3,High,2026-01-08 20:45:00
2956,1,1,Low,2026-01-09 02:45:00
2957,1,3,High,2026-01-09 08:45:00
2958,1,1,Low,2026-01-09 14:45:00
2959,1,4,Critical,2026-01-09 20:45:00
2960,1,4,Critical,2026-01-10 02:45:00
2961,1,2,Medium,2026-01-10 08:45:00
2962,1,3,High,2026-01-10 14:45:00
2964,1,2,Medium,2026-01-11 02:45:00
2965,1,4,Critical,2026-01-11 08:45:00
2966,1,1,Low,2026-01-11 14:45:00
2967,1,2,Medium,2026-01-11 20:45:00
2968,1,2,Medium,2026-01-12 02:45:00
2969,1,3,High,2026-01-12 08:45:00
2970,1,2,Medium,2026-01-12 14:45:00
2971,1,4,Critical,2026-01-12 20:45:00
2972,1,1,Low,2026-01-13 02:45:00
2973,1,2,Medium,2026-01-13 08:45:00
2974,1,3,High,2026-01-13 14:45:00
2976,1,3,High,2026-01-14 02:45:00
2977,1,1,Low,2026-01-14 08:45:00
2978,1,1,Low,2026-01-14 14:45:00
2979,1,1,Low,2026-01-14 20:45:00
2980,1,4,Critical,2026-01-15 02:45:00
2982,1,4,Critical,2026-01-15 14:45:00
2983,1,2,Medium,2026-01-15 20:45:00
2984,1,3,High,2026-01-16 02:45:00
2985,1,2,Medium,2026-01-16 08:45:00
2986,1,4,Critical,2026-01-16 14:45:00
2987,1,3,High,2026-01-16 20:45:00
2988,1,3,High,2026-01-17 02:45:00
2990,1,2,Medium,2026-01-17 14:45:00
2991,1,2,Medium,2026-01-17 20:45:00
2992,1,4,Critical,2026-01-18 02:45:00
2995,1,2,Medium,2026-01-18 20:45:00
2996,1,2,Medium,2026-01-19 02:45:00
2997,1,1,Low,2026-01-19 08:45:00
2998,1,4,Critical,2026-01-19 14:45:00
2999,1,3,High,2026-01-19 20:45:00
3000,1,4,Critical,2026-01-20 02:45:00
3001,1,4,Critical,2026-01-20 08:45:00
3002,1,2,Medium,2026-01-20 14:45:00
3003,1,2,Medium,2026-01-20 20:45:00
3004,1,1,Low,2026-01-21 02:45:00
3005,1,4,Critical,2026-01-21 08:45:00
3006,1,2,Medium,2026-01-21 14:45:00
3007,1,2,Medium,2026-01-21 20:45:00
3008,1,2,Medium,2026-01-22 02:45:00
3010,1,2,Medium,2026-01-22 14:45:00
3011,1,2,Medium,2026-01-22 20:45:00
3012,1,4,Critical,2026-01-23 02:45:00
3013,1,4,Critical,2026-01-23 08:45:00
3014,1,2,Medium,2026-01-23 14:45:00
3015,1,2,Medium,2026-01-23 20:45:00
3017,1,1,Low,2026-01-24 08:45:00
3018,1,4,Critical,2026-01-24 14:45:00
3023,1,4,Critical,2026-01-25 20:45:00
3026,1,2,Medium,2026-01-26 14:45:00
3029,1,4,Critical,2026-01-27 08:45:00
3030,1,2,Medium,2026-01-27 14:45:00
3033,1,1,Low,2026-01-28 08:45:00
3035,1,1,Low,2026-01-28 20:45:00
3036,1,2,Medium,2026-01-29 02:45:00
3038,1,3,High,2026-01-29 14:45:00
3040,1,2,Medium,2026-01-30 02:45:00
3041,1,2,Medium,2026-01-30 08:45:00
3044,1,4,Critical,2026-01-31 02:45:00
3046,1,1,Low,2026-01-31 14:45:00
3051,1,2,Medium,2026-02-01 20:45:00
3059,1,2,Medium,2026-02-03 20:45:00
3060,1,1,Low,2026-02-04 02:45:00
3062,1,1,Low,2026-02-04 14:45:00
3064,1,2,Medium,2026-02-05 02:45:00
3068,1,4,Critical,2026-02-06 02:45:00
3074,1,4,Critical,2026-02-07 14:45:00
3075,1,1,Low,2026-02-07 20:45:00
3076,1,1,Low,2026-02-08 02:45:00
3080,1,1,Low,2026-02-09 02:45:00
3082,1,3,High,2026-02-09 14:45:00
3085,1,3,High,2026-02-10 08:45:00
3088,1,1,Low,2026-02-11 02:45:00
3089,1,2,Medium,2026-02-11 08:45:00
3090,1,3,High,2026-02-11 14:45:00
3093,1,1,Low,2026-02-12 08:45:00
3094,1,1,Low,2026-02-12 14:45:00
3100,1,2,Medium,2026-02-14 02:45:00
3103,1,4,Critical,2026-02-14 20:45:00
3104,1,4,Critical,2026-02-15 02:45:00
3108,1,3,High,2026-02-16 02:45:00
3112,1,2,Medium,2026-02-17 02:45:00
3117,1,3,High,2026-02-18 08:45:00
3119,1,3,High,2026-02-18 20:45:00
3120,1,3,High,2026-02-19 02:45:00
3121,1,3,High,2026-02-19 08:45:00
3125,1,2,Medium,2026-02-20 08:45:00
3127,1,1,Low,2026-02-20 20:45:00
3128,1,3,High,2026-02-21 02:45:00
3129,1,3,High,2026-02-21 08:45:00
3132,1,2,Medium,2026-02-22 02:45:00
3133,1,1,Low,2026-02-22 08:45:00
3134,1,1,Low,2026-02-22 14:45:00
3136,1,2,Medium,2026-02-23 02:45:00
3139,1,2,Medium,2026-02-23 20:45:00
3142,1,2,Medium,2026-02-24 14:45:00
3150,1,3,High,2026-02-26 14:45:00
3151,1,2,Medium,2026-02-26 20:45:00
3154,1,2,Medium,2026-02-27 14:45:00
3159,1,4,Critical,2026-02-28 20:45:00
3160,1,1,Low,2026-03-01 02:45:00
3162,1,4,Critical,2026-03-01 14:45:00
3164,1,4,Critical,2026-03-02 02:45:00
3166,1,1,Low,2026-03-02 14:45:00
3169,1,3,High,2026-03-03 08:45:00
3170,1,1,Low,2026-03-03 14:45:00
3172,1,2,Medium,2026-03-04 02:45:00
3173,1,2,Medium,2026-03-04 08:45:00
3175,1,4,Critical,2026-03-04 20:45:00
3177,1,3,High,2026-03-05 08:45:00
3180,1,1,Low,2026-03-06 02:45:00
3183,1,4,Critical,2026-03-06 20:45:00
3185,1,2,Medium,2026-03-07 08:45:00
3186,1,1,Low,2026-03-07 14:45:00
3188,1,1,Low,2026-03-08 02:45:00
3189,1,1,Low,2026-03-08 08:45:00
3191,1,3,High,2026-03-08 20:45:00
3193,1,2,Medium,2026-03-09 08:45:00
3195,1,2,Medium,2026-03-09 20:45:00
3198,1,1,Low,2026-03-10 14:45:00
3202,1,4,Critical,2026-03-11 14:45:00
3204,1,1,Low,2026-03-12 02:45:00
3205,1,2,Medium,2026-03-12 08:45:00
3206,1,2,Medium,2026-03-12 14:45:00
3208,1,4,Critical,2026-03-13 02:45:00
3210,1,1,Low,2026-03-13 14:45:00
3211,1,4,Critical,2026-03-13 20:45:00
3212,1,4,Critical,2026-03-14 02:45:00
3214,1,4,Critical,2026-03-14 14:45:00
3217,1,3,High,2026-03-15 08:45:00
3218,1,3,High,2026-03-15 14:45:00
3219,1,1,Low,2026-03-15 20:45:00
3223,1,3,High,2026-03-16 20:45:00
3228,1,2,Medium,2026-03-18 02:45:00
3229,1,1,Low,2026-03-18 08:45:00
3230,1,3,High,2026-03-18 14:45:00
3233,1,1,Low,2026-03-19 08:45:00
3234,1,2,Medium,2026-03-19 14:45:00
3238,1,4,Critical,2026-03-20 14:45:00
