RunID,SupplierID,MaterialLot,MaterialCost,OnTimeDelivery
1,1,LOT-00001,236.44,1
2,2,LOT-00002,353.96,0
3,3,LOT-00003,396.19,1
4,4,LOT-00004,164.14,0
5,5,LOT-00005,365.71,0
6,1,LOT-00006,171.71,1
7,2,LOT-00007,188.73,0
8,3,LOT-00008,312.53,0
9,4,LOT-00009,215.68,0
10,5,LOT-00010,364.64,1
11,1,LOT-00011,482.31,0
12,2,LOT-00012,159.56,1
13,3,LOT-00013,328.2,1
14,4,LOT-00014,469.32,1
15,5,LOT-00015,170.61,0
16,1,LOT-00016,246.74,0
17,2,LOT-00017,149.45,1
18,3,LOT-00018,356.82,1
19,4,LOT-00019,367.66,1
20,5,LOT-00020,365.67,0
21,1,LOT-00021,316.85,0
22,2,LOT-00022,398.5,0
23,3,LOT-00023,114.35,1
24,4,LOT-00024,483.01,1
25,5,LOT-00025,188.84,1
26,1,LOT-00026,148.62,1
27,2,LOT-00027,476.45,0
28,3,LOT-00028,432.17,0
29,4,LOT-00029,405.95,0
30,5,LOT-00030,141.9,0
31,1,LOT-00031,423.01,0
32,2,LOT-00032,343.61,1
33,3,LOT-00033,392.76,0
34,4,LOT-00034,491.23,0
35,5,LOT-00035,177.78,1
36,1,LOT-00036,301.75,0
37,2,LOT-00037,401.34,1
38,3,LOT-00038,273.46,0
39,4,LOT-00039,121.86,0
40,5,LOT-00040,144.58,1
41,1,LOT-00041,340.84,1
42,2,LOT-00042,214.0,0
43,3,LOT-00043,155.14,0
44,4,LOT-00044,235.96,0
45,5,LOT-00045,180.39,1
46,1,LOT-00046,109.58,1
47,2,LOT-00047,160.73,1
48,3,LOT-00048,453.23,1
49,4,LOT-00049,104.81,0
50,5,LOT-00050,409.54,1
51,1,LOT-00051,401.38,1
52,2,LOT-00052,325.7,1
53,3,LOT-00053,183.38,1
54,4,LOT-00054,451.22,1
55,5,LOT-00055,290.03,1
56,1,LOT-00056,169.28,1
57,2,LOT-00057,271.61,0
58,3,LOT-00058,177.97,0
59,4,LOT-00059,250.4,1
60,5,LOT-00060,298.68,0
61,1,LOT-00061,243.96,1
62,2,LOT-00062,362.82,0
63,3,LOT-00063,474.37,0
64,4,LOT-00064,239.26,0
65,5,LOT-00065,242.3,0
66,1,LOT-00066,395.32,0
67,2,LOT-00067,312.24,0
68,3,LOT-00068,271.54,1
69,4,LOT-00069,425.52,0
70,5,LOT-00070,456.41,1
71,1,LOT-00071,336.23,0
72,2,LOT-00072,174.04,0
73,3,LOT-00073,286.51,0
74,4,LOT-00074,301.75,1
75,5,LOT-00075,272.88,1
76,1,LOT-00076,204.97,0
77,2,LOT-00077,288.93,1
78,3,LOT-00078,278.62,1
79,4,LOT-00079,183.8,1
80,5,LOT-00080,461.37,0
81,1,LOT-00081,454.14,0
82,2,LOT-00082,403.85,1
83,3,LOT-00083,260.38,0
84,4,LOT-00084,248.14,0
85,5,LOT-00085,386.59,0
86,1,LOT-00086,343.25,0
87,2,LOT-00087,340.24,1
88,3,LOT-00088,149.64,0
89,4,LOT-00089,347.31,0
90,5,LOT-00090,460.75,1
91,1,LOT-00091,134.33,0
92,2,LOT-00092,235.67,0
93,3,LOT-00093,303.61,0
94,4,LOT-00094,374.4,0
95,5,LOT-00095,135.85,0
96,1,LOT-00096,449.12,0
97,2,LOT-00097,116.22,1
98,3,LOT-00098,443.08,0
99,4,LOT-00099,111.06,0
100,5,LOT-00100,161.41,1
101,1,LOT-00101,420.13,1
102,2,LOT-00102,444.07,0
103,3,LOT-00103,492.91,1
104,4,LOT-00104,146.29,0
105,5,LOT-00105,310.58,1
106,1,LOT-00106,130.86,1
107,2,LOT-00107,162.56,0
108,3,LOT-00108,169.8,1
109,4,LOT-00109,125.36,0
110,5,LOT-00110,457.19,0
111,1,LOT-00111,150.54,1
112,2,LOT-00112,351.74,1
113,3,LOT-00113,350.3,1
114,4,LOT-00114,179.46,0
115,5,LOT-00115,499.36,0
116,1,LOT-00116,238.95,0
117,2,LOT-00117,462.04,0
118,3,LOT-00118,479.31,1
119,4,LOT-00119,479.6,0
120,5,LOT-00120,401.14,1
121,1,LOT-00121,201.52,1
122,2,LOT-00122,148.26,0
123,3,LOT-00123,327.95,1
124,4,LOT-00124,244.02,1
125,5,LOT-00125,432.42,0
126,1,LOT-00126,398.0,0
127,2,LOT-00127,210.59,1
128,3,LOT-00128,106.81,0
129,4,LOT-00129,194.93,0
130,5,LOT-00130,326.85,1
131,1,LOT-00131,131.6,0
132,2,LOT-00132,363.31,1
133,3,LOT-00133,368.68,0
134,4,LOT-00134,167.76,0
135,5,LOT-00135,338.53,0
136,1,LOT-00136,342.79,1
137,2,LOT-00137,291.19,0
138,3,LOT-00138,481.3,1
139,4,LOT-00139,143.27,0
140,5,LOT-00140,262.65,0
141,1,LOT-00141,453.17,1
142,2,LOT-00142,254.53,0
143,3,LOT-00143,269.86,0
144,4,LOT-00144,367.31,1
145,5,LOT-00145,366.23,0
146,1,LOT-00146,109.16,1
147,2,LOT-00147,282.28,1
148,3,LOT-00148,233.4,0
149,4,LOT-00149,351.08,0
150,5,LOT-00150,322.28,0
151,1,LOT-00151,360.34,1
152,2,LOT-00152,361.51,0
153,3,LOT-00153,201.95,0
154,4,LOT-00154,198.59,0
155,5,LOT-00155,248.11,1
156,1,LOT-00156,196.78,1
157,2,LOT-00157,373.12,1
158,3,LOT-00158,341.15,1
159,4,LOT-00159,186.55,0
160,5,LOT-00160,453.64,1
161,1,LOT-00161,284.27,1
162,2,LOT-00162,150.82,1
163,3,LOT-00163,185.19,1
164,4,LOT-00164,315.94,1
165,5,LOT-00165,235.37,0
166,1,LOT-00166,440.49,0
167,2,LOT-00167,297.89,1
168,3,LOT-00168,466.12,0
169,4,LOT-00169,140.73,0
170,5,LOT-00170,367.44,1
171,1,LOT-00171,454.31,0
172,2,LOT-00172,217.17,0
173,3,LOT-00173,154.28,0
174,4,LOT-00174,282.66,1
175,5,LOT-00175,484.53,1
176,1,LOT-00176,353.38,0
177,2,LOT-00177,357.59,1
178,3,LOT-00178,368.6,0
179,4,LOT-00179,115.9,1
180,5,LOT-00180,278.26,0
181,1,LOT-00181,131.03,0
182,2,LOT-00182,226.34,0
183,3,LOT-00183,428.64,1
184,4,LOT-00184,362.51,0
185,5,LOT-00185,498.23,0
186,1,LOT-00186,168.86,1
187,2,LOT-00187,258.82,0
188,3,LOT-00188,423.86,1
189,4,LOT-00189,186.28,1
190,5,LOT-00190,161.49,0
191,1,LOT-00191,271.05,0
192,2,LOT-00192,253.49,0
193,3,LOT-00193,492.08,0
194,4,LOT-00194,282.5,0
195,5,LOT-00195,444.38,0
196,1,LOT-00196,455.19,1
197,2,LOT-00197,163.15,0
198,3,LOT-00198,386.12,0
199,4,LOT-00199,211.04,1
200,5,LOT-00200,137.9,0
201,1,LOT-00201,449.88,0
202,2,LOT-00202,216.97,0
203,3,LOT-00203,238.15,1
204,4,LOT-00204,229.6,0
205,5,LOT-00205,180.12,1
206,1,LOT-00206,273.8,0
207,2,LOT-00207,271.32,0
208,3,LOT-00208,263.5,0
209,4,LOT-00209,466.52,0
210,5,LOT-00210,235.9,1
211,1,LOT-00211,112.15,0
212,2,LOT-00212,171.37,0
213,3,LOT-00213,388.6,0
214,4,LOT-00214,336.34,1
215,5,LOT-00215,480.69,1
216,1,LOT-00216,377.77,0
217,2,LOT-00217,177.7,1
218,3,LOT-00218,148.26,0
219,4,LOT-00219,308.3,0
220,5,LOT-00220,366.11,1
221,1,LOT-00221,166.25,1
222,2,LOT-00222,340.68,1
223,3,LOT-00223,446.01,1
224,4,LOT-00224,391.03,0
225,5,LOT-00225,365.68,1
226,1,LOT-00226,415.73,0
227,2,LOT-00227,141.63,1
228,3,LOT-00228,181.53,0
229,4,LOT-00229,115.24,0
230,5,LOT-00230,157.99,1
231,1,LOT-00231,465.27,1
232,2,LOT-00232,188.86,0
233,3,LOT-00233,364.84,0
234,4,LOT-00234,376.63,1
235,5,LOT-00235,358.13,0
236,1,LOT-00236,321.57,0
237,2,LOT-00237,294.45,0
238,3,LOT-00238,267.97,0
239,4,LOT-00239,466.76,1
240,5,LOT-00240,103.81,0
241,1,LOT-00241,121.4,1
242,2,LOT-00242,297.0,1
243,3,LOT-00243,232.2,1
244,4,LOT-00244,263.29,1
245,5,LOT-00245,499.14,0
246,1,LOT-00246,410.05,0
247,2,LOT-00247,450.96,0
248,3,LOT-00248,247.43,1
249,4,LOT-00249,195.82,0
250,5,LOT-00250,407.2,1
251,1,LOT-00251,423.03,1
252,2,LOT-00252,319.96,0
253,3,LOT-00253,458.38,0
254,4,LOT-00254,486.93,0
255,5,LOT-00255,288.41,1
256,1,LOT-00256,189.07,0
257,2,LOT-00257,306.85,0
258,3,LOT-00258,495.81,0
259,4,LOT-00259,217.17,0
260,5,LOT-00260,347.04,0
261,1,LOT-00261,377.59,1
262,2,LOT-00262,185.57,1
263,3,LOT-00263,335.38,1
264,4,LOT-00264,225.8,1
265,5,LOT-00265,441.68,0
266,1,LOT-00266,385.9,0
267,2,LOT-00267,430.51,0
268,3,LOT-00268,179.87,1
269,4,LOT-00269,113.83,0
270,5,LOT-00270,440.21,1
271,1,LOT-00271,254.7,1
272,2,LOT-00272,171.89,1
273,3,LOT-00273,136.76,1
274,4,LOT-00274,306.6,0
275,5,LOT-00275,160.05,1
276,1,LOT-00276,326.68,1
277,2,LOT-00277,390.92,0
278,3,LOT-00278,314.02,0
279,4,LOT-00279,461.48,0
280,5,LOT-00280,162.23,0
281,1,LOT-00281,297.58,0
282,2,LOT-00282,165.28,0
283,3,LOT-00283,450.36,1
284,4,LOT-00284,472.9,0
285,5,LOT-00285,260.0,1
286,1,LOT-00286,222.3,0
287,2,LOT-00287,211.73,0
288,3,LOT-00288,443.89,0
289,4,LOT-00289,372.98,0
290,5,LOT-00290,452.24,1
291,1,LOT-00291,147.01,0
292,2,LOT-00292,290.41,0
293,3,LOT-00293,370.47,0
294,4,LOT-00294,458.84,0
295,5,LOT-00295,252.81,0
296,1,LOT-00296,225.24,0
297,2,LOT-00297,465.19,0
298,3,LOT-00298,119.01,0
299,4,LOT-00299,291.84,0
300,5,LOT-00300,283.45,1
301,1,LOT-00301,158.42,0
302,2,LOT-00302,257.98,1
303,3,LOT-00303,389.04,0
304,4,LOT-00304,246.75,0
305,5,LOT-00305,223.86,1
306,1,LOT-00306,412.76,0
307,2,LOT-00307,495.49,1
308,3,LOT-00308,411.74,0
309,4,LOT-00309,438.54,1
310,5,LOT-00310,475.8,0
311,1,LOT-00311,420.71,1
312,2,LOT-00312,492.14,0
313,3,LOT-00313,398.91,0
314,4,LOT-00314,364.61,1
315,5,LOT-00315,377.34,0
316,1,LOT-00316,460.03,1
317,2,LOT-00317,373.2,0
318,3,LOT-00318,404.48,1
319,4,LOT-00319,186.4,1
320,5,LOT-00320,465.06,0
321,1,LOT-00321,278.89,1
322,2,LOT-00322,164.43,0
323,3,LOT-00323,419.91,0
324,4,LOT-00324,242.56,0
325,5,LOT-00325,173.65,1
326,1,LOT-00326,202.5,1
327,2,LOT-00327,113.98,0
328,3,LOT-00328,136.25,1
329,4,LOT-00329,337.05,0
330,5,LOT-00330,446.49,0
331,1,LOT-00331,279.41,0
332,2,LOT-00332,350.42,1
333,3,LOT-00333,423.89,0
334,4,LOT-00334,242.71,1
335,5,LOT-00335,361.73,1
336,1,LOT-00336,240.17,0
337,2,LOT-00337,357.09,0
338,3,LOT-00338,187.04,1
339,4,LOT-00339,491.14,0
340,5,LOT-00340,130.47,1
341,1,LOT-00341,302.09,0
342,2,LOT-00342,214.52,0
343,3,LOT-00343,340.34,1
344,4,LOT-00344,271.32,0
345,5,LOT-00345,222.67,0
346,1,LOT-00346,200.02,1
347,2,LOT-00347,173.0,1
348,3,LOT-00348,413.15,1
349,4,LOT-00349,188.88,1
350,5,LOT-00350,409.41,1
351,1,LOT-00351,294.02,0
352,2,LOT-00352,128.89,1
353,3,LOT-00353,166.18,1
354,4,LOT-00354,457.16,1
355,5,LOT-00355,341.13,1
356,1,LOT-00356,173.73,1
357,2,LOT-00357,381.51,0
358,3,LOT-00358,429.3,1
359,4,LOT-00359,232.26,1
360,5,LOT-00360,322.64,0
361,1,LOT-00361,217.38,1
362,2,LOT-00362,132.02,0
363,3,LOT-00363,259.8,0
364,4,LOT-00364,400.57,0
365,5,LOT-00365,283.47,1
366,1,LOT-00366,262.11,0
367,2,LOT-00367,246.4,1
368,3,LOT-00368,283.57,1
369,4,LOT-00369,227.29,0
370,5,LOT-00370,344.87,1
371,1,LOT-00371,125.43,1
372,2,LOT-00372,422.96,1
373,3,LOT-00373,169.27,0
374,4,LOT-00374,353.38,1
375,5,LOT-00375,279.95,1
376,1,LOT-00376,409.4,1
377,2,LOT-00377,430.46,0
378,3,LOT-00378,181.68,1
379,4,LOT-00379,370.87,0
380,5,LOT-00380,175.96,1
381,1,LOT-00381,149.6,0
382,2,LOT-00382,472.12,1
383,3,LOT-00383,165.76,0
384,4,LOT-00384,191.25,1
385,5,LOT-00385,152.13,1
386,1,LOT-00386,288.12,1
387,2,LOT-00387,467.84,1
388,3,LOT-00388,205.62,0
389,4,LOT-00389,316.74,1
390,5,LOT-00390,264.58,0
391,1,LOT-00391,234.4,0
392,2,LOT-00392,328.86,1
393,3,LOT-00393,323.56,1
394,4,LOT-00394,243.75,1
395,5,LOT-00395,440.23,1
396,1,LOT-00396,121.27,0
397,2,LOT-00397,134.1,0
398,3,LOT-00398,496.31,0
399,4,LOT-00399,399.07,0
400,5,LOT-00400,421.57,1
401,1,LOT-00401,341.08,1
402,2,LOT-00402,267.94,0
403,3,LOT-00403,351.69,0
404,4,LOT-00404,137.03,0
405,5,LOT-00405,403.11,0
406,1,LOT-00406,316.3,1
407,2,LOT-00407,482.69,0
408,3,LOT-00408,354.99,1
409,4,LOT-00409,160.68,0
410,5,LOT-00410,291.02,1
411,1,LOT-00411,123.13,1
412,2,LOT-00412,398.17,1
413,3,LOT-00413,300.73,1
414,4,LOT-00414,247.86,0
415,5,LOT-00415,487.42,0
416,1,LOT-00416,476.24,1
417,2,LOT-00417,481.13,0
418,3,LOT-00418,188.39,1
419,4,LOT-00419,391.43,0
420,5,LOT-00420,478.15,1
421,1,LOT-00421,328.35,1
422,2,LOT-00422,185.66,0
423,3,LOT-00423,427.12,1
424,4,LOT-00424,451.97,0
425,5,LOT-00425,381.29,0
426,1,LOT-00426,217.42,1
427,2,LOT-00427,176.28,0
428,3,LOT-00428,349.71,0
429,4,LOT-00429,293.12,0
430,5,LOT-00430,367.51,1
431,1,LOT-00431,144.68,1
432,2,LOT-00432,154.37,1
433,3,LOT-00433,245.16,1
434,4,LOT-00434,203.5,1
435,5,LOT-00435,347.74,1
436,1,LOT-00436,247.02,1
437,2,LOT-00437,373.59,1
438,3,LOT-00438,407.52,1
439,4,LOT-00439,174.87,0
440,5,LOT-00440,467.93,0
441,1,LOT-00441,414.86,0
442,2,LOT-00442,350.71,0
443,3,LOT-00443,463.57,1
444,4,LOT-00444,206.35,1
445,5,LOT-00445,268.69,1
446,1,LOT-00446,134.31,1
447,2,LOT-00447,282.47,0
448,3,LOT-00448,302.56,1
449,4,LOT-00449,346.43,0
450,5,LOT-00450,125.62,1
451,1,LOT-00451,112.99,0
452,2,LOT-00452,267.96,0
453,3,LOT-00453,175.65,1
454,4,LOT-00454,403.52,0
455,5,LOT-00455,367.49,1
456,1,LOT-00456,230.33,1
457,2,LOT-00457,118.31,0
458,3,LOT-00458,172.98,0
459,4,LOT-00459,376.67,0
460,5,LOT-00460,496.07,1
461,1,LOT-00461,230.58,1
462,2,LOT-00462,420.8,1
463,3,LOT-00463,446.84,0
464,4,LOT-00464,119.27,0
465,5,LOT-00465,466.49,0
466,1,LOT-00466,286.48,1
467,2,LOT-00467,485.7,1
468,3,LOT-00468,315.42,0
469,4,LOT-00469,194.06,1
470,5,LOT-00470,489.87,1
471,1,LOT-00471,197.32,1
472,2,LOT-00472,452.99,0
473,3,LOT-00473,169.25,1
474,4,LOT-00474,369.91,1
475,5,LOT-00475,264.52,0
476,1,LOT-00476,488.81,0
477,2,LOT-00477,173.91,1
478,3,LOT-00478,263.52,0
479,4,LOT-00479,355.91,1
480,5,LOT-00480,491.05,1
481,1,LOT-00481,221.55,0
482,2,LOT-00482,258.75,0
483,3,LOT-00483,284.72,1
484,4,LOT-00484,201.08,0
485,5,LOT-00485,426.94,1
486,1,LOT-00486,136.8,0
487,2,LOT-00487,381.92,1
488,3,LOT-00488,313.57,1
489,4,LOT-00489,196.77,0
490,5,LOT-00490,297.13,1
491,1,LOT-00491,431.98,1
492,2,LOT-00492,278.18,1
493,3,LOT-00493,148.76,1
494,4,LOT-00494,116.32,0
495,5,LOT-00495,411.12,1
496,1,LOT-00496,232.17,0
497,2,LOT-00497,472.5,1
498,3,LOT-00498,346.86,0
499,4,LOT-00499,274.51,0
500,5,LOT-00500,325.79,0
501,1,LOT-00501,282.85,0
502,2,LOT-00502,462.32,1
503,3,LOT-00503,283.21,1
504,4,LOT-00504,141.63,1
505,5,LOT-00505,338.84,0
506,1,LOT-00506,349.19,1
507,2,LOT-00507,406.13,0
508,3,LOT-00508,473.31,1
509,4,LOT-00509,277.23,0
510,5,LOT-00510,240.83,0
511,1,LOT-00511,296.31,0
512,2,LOT-00512,460.08,0
513,3,LOT-00513,491.99,1
514,4,LOT-00514,488.49,1
515,5,LOT-00515,191.88,0
516,1,LOT-00516,298.76,1
517,2,LOT-00517,203.79,1
518,3,LOT-00518,247.19,0
519,4,LOT-00519,112.67,1
520,5,LOT-00520,164.24,1
521,1,LOT-00521,258.83,0
522,2,LOT-00522,245.88,1
523,3,LOT-00523,211.53,0
524,4,LOT-00524,192.12,1
525,5,LOT-00525,399.58,1
526,1,LOT-00526,217.82,1
527,2,LOT-00527,382.62,0
528,3,LOT-00528,247.45,0
529,4,LOT-00529,420.79,0
530,5,LOT-00530,166.89,1
531,1,LOT-00531,163.04,1
532,2,LOT-00532,371.87,0
533,3,LOT-00533,465.97,1
534,4,LOT-00534,157.19,1
535,5,LOT-00535,129.48,0
536,1,LOT-00536,473.85,0
537,2,LOT-00537,146.93,1
538,3,LOT-00538,200.15,1
539,4,LOT-00539,471.8,0
540,5,LOT-00540,421.17,0
541,1,LOT-00541,237.1,0
542,2,LOT-00542,481.81,0
543,3,LOT-00543,327.22,1
544,4,LOT-00544,128.9,0
545,5,LOT-00545,381.23,0
546,1,LOT-00546,314.91,1
547,2,LOT-00547,329.04,0
548,3,LOT-00548,497.64,1
549,4,LOT-00549,161.01,0
550,5,LOT-00550,362.72,0
551,1,LOT-00551,283.5,1
552,2,LOT-00552,208.76,1
553,3,LOT-00553,377.42,0
554,4,LOT-00554,367.29,1
555,5,LOT-00555,442.6,1
556,1,LOT-00556,451.55,1
557,2,LOT-00557,324.73,1
558,3,LOT-00558,230.23,0
559,4,LOT-00559,311.83,0
560,5,LOT-00560,243.7,0
561,1,LOT-00561,210.94,0
562,2,LOT-00562,320.63,1
563,3,LOT-00563,363.17,0
564,4,LOT-00564,336.23,1
565,5,LOT-00565,481.77,0
566,1,LOT-00566,219.45,1
567,2,LOT-00567,248.94,0
568,3,LOT-00568,367.06,1
569,4,LOT-00569,340.14,0
570,5,LOT-00570,100.75,0
571,1,LOT-00571,224.91,0
572,2,LOT-00572,201.5,0
573,3,LOT-00573,435.97,1
574,4,LOT-00574,446.5,1
575,5,LOT-00575,213.56,1
576,1,LOT-00576,140.83,0
577,2,LOT-00577,182.08,1
578,3,LOT-00578,170.63,0
579,4,LOT-00579,194.97,1
580,5,LOT-00580,193.86,0
581,1,LOT-00581,291.94,1
582,2,LOT-00582,227.86,1
583,3,LOT-00583,323.93,0
584,4,LOT-00584,237.65,1
585,5,LOT-00585,425.87,0
586,1,LOT-00586,480.32,0
587,2,LOT-00587,261.57,1
588,3,LOT-00588,119.79,1
589,4,LOT-00589,195.83,1
590,5,LOT-00590,140.74,0
591,1,LOT-00591,237.91,0
592,2,LOT-00592,358.05,0
593,3,LOT-00593,307.56,1
594,4,LOT-00594,197.15,0
595,5,LOT-00595,406.9,0
596,1,LOT-00596,152.59,1
597,2,LOT-00597,191.28,0
598,3,LOT-00598,370.42,1
599,4,LOT-00599,178.89,0
600,5,LOT-00600,371.51,1
601,1,LOT-00601,490.78,0
602,2,LOT-00602,432.54,0
603,3,LOT-00603,164.0,1
604,4,LOT-00604,308.2,0
605,5,LOT-00605,268.93,1
606,1,LOT-00606,496.67,1
607,2,LOT-00607,485.76,1
608,3,LOT-00608,150.84,1
609,4,LOT-00609,463.49,0
610,5,LOT-00610,177.37,0
611,1,LOT-00611,227.78,0
612,2,LOT-00612,241.36,1
613,3,LOT-00613,214.73,0
614,4,LOT-00614,441.3,0
615,5,LOT-00615,231.97,1
616,1,LOT-00616,426.7,0
617,2,LOT-00617,497.75,1
618,3,LOT-00618,436.3,1
619,4,LOT-00619,238.46,0
620,5,LOT-00620,384.5,0
621,1,LOT-00621,313.57,1
622,2,LOT-00622,414.61,0
623,3,LOT-00623,161.24,0
624,4,LOT-00624,355.25,0
625,5,LOT-00625,409.47,0
626,1,LOT-00626,404.49,0
627,2,LOT-00627,485.44,1
628,3,LOT-00628,123.36,0
629,4,LOT-00629,238.31,1
630,5,LOT-00630,290.62,1
631,1,LOT-00631,223.91,0
632,2,LOT-00632,223.92,0
633,3,LOT-00633,170.45,1
634,4,LOT-00634,425.18,0
635,5,LOT-00635,463.23,0
636,1,LOT-00636,132.93,0
637,2,LOT-00637,161.96,0
638,3,LOT-00638,191.38,1
639,4,LOT-00639,303.59,1
640,5,LOT-00640,416.47,0
641,1,LOT-00641,128.58,1
642,2,LOT-00642,354.73,0
643,3,LOT-00643,159.73,0
644,4,LOT-00644,488.58,0
645,5,LOT-00645,459.51,0
646,1,LOT-00646,479.83,0
647,2,LOT-00647,142.47,1
648,3,LOT-00648,295.21,0
649,4,LOT-00649,166.1,1
650,5,LOT-00650,340.14,0
651,1,LOT-00651,193.1,0
652,2,LOT-00652,408.25,0
653,3,LOT-00653,357.6,1
654,4,LOT-00654,328.64,0
655,5,LOT-00655,430.09,0
656,1,LOT-00656,300.11,0
657,2,LOT-00657,207.94,1
658,3,LOT-00658,348.28,0
659,4,LOT-00659,482.83,0
660,5,LOT-00660,340.46,0
661,1,LOT-00661,351.85,1
662,2,LOT-00662,473.9,0
663,3,LOT-00663,306.11,1
664,4,LOT-00664,498.54,1
665,5,LOT-00665,163.86,0
666,1,LOT-00666,314.82,1
667,2,LOT-00667,185.16,1
668,3,LOT-00668,281.33,0
669,4,LOT-00669,168.23,1
670,5,LOT-00670,189.01,0
671,1,LOT-00671,184.32,1
672,2,LOT-00672,228.01,0
673,3,LOT-00673,153.84,0
674,4,LOT-00674,423.74,1
675,5,LOT-00675,188.27,0
676,1,LOT-00676,266.63,1
677,2,LOT-00677,106.42,1
678,3,LOT-00678,141.95,1
679,4,LOT-00679,458.51,0
680,5,LOT-00680,434.86,0
681,1,LOT-00681,436.37,1
682,2,LOT-00682,264.54,0
683,3,LOT-00683,156.61,0
684,4,LOT-00684,143.16,0
685,5,LOT-00685,342.24,1
686,1,LOT-00686,431.28,0
687,2,LOT-00687,460.05,0
688,3,LOT-00688,215.49,0
689,4,LOT-00689,228.41,0
690,5,LOT-00690,140.35,0
691,1,LOT-00691,409.76,0
692,2,LOT-00692,210.28,1
693,3,LOT-00693,292.37,1
694,4,LOT-00694,471.56,0
695,5,LOT-00695,400.89,0
696,1,LOT-00696,121.1,1
697,2,LOT-00697,103.26,0
698,3,LOT-00698,414.96,0
699,4,LOT-00699,321.0,0
700,5,LOT-00700,388.13,1
701,1,LOT-00701,162.73,1
702,2,LOT-00702,448.82,0
703,3,LOT-00703,409.33,0
704,4,LOT-00704,456.34,0
705,5,LOT-00705,236.44,0
706,1,LOT-00706,210.28,1
707,2,LOT-00707,160.69,0
708,3,LOT-00708,472.04,0
709,4,LOT-00709,170.73,0
710,5,LOT-00710,147.73,0
711,1,LOT-00711,177.07,0
712,2,LOT-00712,408.55,1
713,3,LOT-00713,455.81,1
714,4,LOT-00714,424.37,0
715,5,LOT-00715,325.3,0
716,1,LOT-00716,497.55,0
717,2,LOT-00717,127.54,1
718,3,LOT-00718,446.88,0
719,4,LOT-00719,271.09,1
720,5,LOT-00720,282.05,0
721,1,LOT-00721,151.04,1
722,2,LOT-00722,113.37,0
723,3,LOT-00723,226.65,0
724,4,LOT-00724,169.94,1
725,5,LOT-00725,293.34,0
726,1,LOT-00726,158.93,0
727,2,LOT-00727,155.17,0
728,3,LOT-00728,450.79,0
729,4,LOT-00729,468.52,0
730,5,LOT-00730,485.69,1
731,1,LOT-00731,372.2,1
732,2,LOT-00732,408.41,0
733,3,LOT-00733,434.31,0
734,4,LOT-00734,363.57,1
735,5,LOT-00735,232.1,0
736,1,LOT-00736,162.55,0
737,2,LOT-00737,194.91,0
738,3,LOT-00738,436.17,1
739,4,LOT-00739,378.44,1
740,5,LOT-00740,282.32,0
741,1,LOT-00741,111.76,1
742,2,LOT-00742,206.48,0
743,3,LOT-00743,391.56,1
744,4,LOT-00744,304.95,1
745,5,LOT-00745,274.21,1
746,1,LOT-00746,225.47,0
747,2,LOT-00747,342.77,1
748,3,LOT-00748,486.55,0
749,4,LOT-00749,460.45,1
750,5,LOT-00750,112.2,0
751,1,LOT-00751,292.38,1
752,2,LOT-00752,231.79,0
753,3,LOT-00753,304.24,0
754,4,LOT-00754,342.49,1
755,5,LOT-00755,180.01,1
756,1,LOT-00756,412.63,0
757,2,LOT-00757,290.03,0
758,3,LOT-00758,496.8,0
759,4,LOT-00759,110.05,0
760,5,LOT-00760,175.89,1
761,1,LOT-00761,375.85,0
762,2,LOT-00762,378.07,0
763,3,LOT-00763,332.88,1
764,4,LOT-00764,488.78,0
765,5,LOT-00765,266.13,1
766,1,LOT-00766,266.81,1
767,2,LOT-00767,464.19,1
768,3,LOT-00768,315.38,0
769,4,LOT-00769,241.49,0
770,5,LOT-00770,387.58,0
771,1,LOT-00771,347.87,0
772,2,LOT-00772,222.56,1
773,3,LOT-00773,219.17,0
774,4,LOT-00774,258.25,0
775,5,LOT-00775,128.65,1
776,1,LOT-00776,477.05,0
777,2,LOT-00777,173.21,0
778,3,LOT-00778,177.53,0
779,4,LOT-00779,358.82,1
780,5,LOT-00780,389.7,1
781,1,LOT-00781,394.73,0
782,2,LOT-00782,250.03,0
783,3,LOT-00783,449.33,1
784,4,LOT-00784,317.6,0
785,5,LOT-00785,275.44,1
786,1,LOT-00786,424.15,1
787,2,LOT-00787,197.42,1
788,3,LOT-00788,444.07,1
789,4,LOT-00789,315.53,1
790,5,LOT-00790,460.02,1
791,1,LOT-00791,180.65,0
792,2,LOT-00792,474.43,0
793,3,LOT-00793,375.15,1
794,4,LOT-00794,347.33,0
795,5,LOT-00795,268.83,1
796,1,LOT-00796,482.53,1
797,2,LOT-00797,277.57,1
798,3,LOT-00798,299.42,1
799,4,LOT-00799,412.6,0
800,5,LOT-00800,213.94,0
801,1,LOT-00801,216.6,1
802,2,LOT-00802,410.12,0
803,3,LOT-00803,151.43,0
804,4,LOT-00804,429.19,0
805,5,LOT-00805,350.07,1
806,1,LOT-00806,315.63,0
807,2,LOT-00807,191.64,0
808,3,LOT-00808,414.55,0
809,4,LOT-00809,421.98,1
810,5,LOT-00810,293.18,1
811,1,LOT-00811,255.67,0
812,2,LOT-00812,198.46,0
813,3,LOT-00813,401.69,1
814,4,LOT-00814,355.78,1
815,5,LOT-00815,182.65,0
816,1,LOT-00816,417.79,1
817,2,LOT-00817,452.88,0
818,3,LOT-00818,123.7,0
819,4,LOT-00819,408.97,1
820,5,LOT-00820,441.12,1
821,1,LOT-00821,496.6,0
822,2,LOT-00822,195.04,0
823,3,LOT-00823,248.4,1
824,4,LOT-00824,486.48,0
825,5,LOT-00825,137.61,0
826,1,LOT-00826,309.48,1
827,2,LOT-00827,302.7,1
828,3,LOT-00828,342.62,1
829,4,LOT-00829,232.32,0
830,5,LOT-00830,470.37,0
831,1,LOT-00831,208.02,0
832,2,LOT-00832,359.88,0
833,3,LOT-00833,298.37,1
834,4,LOT-00834,206.67,0
835,5,LOT-00835,175.54,1
836,1,LOT-00836,482.62,1
837,2,LOT-00837,324.52,1
838,3,LOT-00838,341.68,0
839,4,LOT-00839,413.16,0
840,5,LOT-00840,132.49,1
841,1,LOT-00841,385.51,0
842,2,LOT-00842,166.06,1
843,3,LOT-00843,396.19,1
844,4,LOT-00844,156.53,0
845,5,LOT-00845,433.0,0
846,1,LOT-00846,372.41,1
847,2,LOT-00847,254.36,0
848,3,LOT-00848,243.53,1
849,4,LOT-00849,159.58,0
850,5,LOT-00850,461.62,1
851,1,LOT-00851,147.41,1
852,2,LOT-00852,288.83,0
853,3,LOT-00853,194.61,1
854,4,LOT-00854,498.53,1
855,5,LOT-00855,334.34,0
856,1,LOT-00856,159.83,1
857,2,LOT-00857,367.03,1
858,3,LOT-00858,496.64,1
859,4,LOT-00859,342.02,0
860,5,LOT-00860,282.95,0
861,1,LOT-00861,217.31,1
862,2,LOT-00862,136.85,0
863,3,LOT-00863,191.3,0
864,4,LOT-00864,321.45,1
865,5,LOT-00865,401.51,0
866,1,LOT-00866,451.17,0
867,2,LOT-00867,417.48,0
868,3,LOT-00868,150.19,1
869,4,LOT-00869,409.38,0
870,5,LOT-00870,332.64,0
871,1,LOT-00871,287.64,1
872,2,LOT-00872,329.11,0
873,3,LOT-00873,103.23,0
874,4,LOT-00874,127.09,0
875,5,LOT-00875,310.34,1
876,1,LOT-00876,169.45,1
877,2,LOT-00877,318.22,0
878,3,LOT-00878,241.69,0
879,4,LOT-00879,462.96,0
880,5,LOT-00880,479.87,1
881,1,LOT-00881,491.91,1
882,2,LOT-00882,459.58,0
883,3,LOT-00883,494.36,0
884,4,LOT-00884,382.46,0
885,5,LOT-00885,484.22,1
886,1,LOT-00886,356.72,0
887,2,LOT-00887,423.69,0
888,3,LOT-00888,152.76,0
889,4,LOT-00889,373.04,0
890,5,LOT-00890,472.44,1
891,1,LOT-00891,316.02,0
892,2,LOT-00892,174.73,1
893,3,LOT-00893,310.76,0
894,4,LOT-00894,382.78,0
895,5,LOT-00895,407.92,1
896,1,LOT-00896,309.48,0
897,2,LOT-00897,186.95,0
898,3,LOT-00898,470.68,0
899,4,LOT-00899,409.45,0
900,5,LOT-00900,208.28,1
901,1,LOT-00901,424.73,1
902,2,LOT-00902,239.15,0
903,3,LOT-00903,224.97,0
904,4,LOT-00904,445.23,1
905,5,LOT-00905,449.29,1
906,1,LOT-00906,259.39,0
907,2,LOT-00907,103.57,0
908,3,LOT-00908,174.63,1
909,4,LOT-00909,463.72,1
910,5,LOT-00910,459.5,1
911,1,LOT-00911,281.34,1
912,2,LOT-00912,221.65,0
913,3,LOT-00913,221.1,1
914,4,LOT-00914,458.88,1
915,5,LOT-00915,229.89,0
916,1,LOT-00916,304.63,1
917,2,LOT-00917,392.4,0
918,3,LOT-00918,183.79,1
919,4,LOT-00919,201.54,0
920,5,LOT-00920,243.22,0
921,1,LOT-00921,361.69,1
922,2,LOT-00922,427.0,1
923,3,LOT-00923,318.68,0
924,4,LOT-00924,153.17,0
925,5,LOT-00925,278.5,1
926,1,LOT-00926,151.08,0
927,2,LOT-00927,135.32,0
928,3,LOT-00928,335.85,0
929,4,LOT-00929,482.48,0
930,5,LOT-00930,435.04,1
931,1,LOT-00931,409.79,1
932,2,LOT-00932,390.82,0
933,3,LOT-00933,458.85,0
934,4,LOT-00934,401.13,0
935,5,LOT-00935,350.75,0
936,1,LOT-00936,245.87,0
937,2,LOT-00937,140.38,0
938,3,LOT-00938,284.41,0
939,4,LOT-00939,469.91,1
940,5,LOT-00940,333.24,1
941,1,LOT-00941,173.8,1
942,2,LOT-00942,359.61,1
943,3,LOT-00943,286.18,1
944,4,LOT-00944,472.55,0
945,5,LOT-00945,164.38,0
946,1,LOT-00946,384.8,0
947,2,LOT-00947,372.64,1
948,3,LOT-00948,493.42,0
949,4,LOT-00949,325.96,1
950,5,LOT-00950,448.63,0
951,1,LOT-00951,109.89,1
952,2,LOT-00952,149.16,1
953,3,LOT-00953,238.38,1
954,4,LOT-00954,347.73,0
955,5,LOT-00955,279.63,1
956,1,LOT-00956,181.08,0
957,2,LOT-00957,335.68,0
958,3,LOT-00958,326.68,0
959,4,LOT-00959,309.78,0
960,5,LOT-00960,136.22,0
961,1,LOT-00961,470.81,0
962,2,LOT-00962,336.9,0
963,3,LOT-00963,205.6,1
964,4,LOT-00964,374.97,0
965,5,LOT-00965,227.16,0
966,1,LOT-00966,302.34,1
967,2,LOT-00967,236.45,0
968,3,LOT-00968,452.16,1
969,4,LOT-00969,497.59,0
970,5,LOT-00970,164.47,0
971,1,LOT-00971,109.43,1
972,2,LOT-00972,187.73,1
973,3,LOT-00973,335.98,1
974,4,LOT-00974,169.58,0
975,5,LOT-00975,424.59,1
976,1,LOT-00976,263.47,1
977,2,LOT-00977,344.21,1
978,3,LOT-00978,282.25,0
979,4,LOT-00979,461.33,1
980,5,LOT-00980,114.05,1
981,1,LOT-00981,391.72,0
982,2,LOT-00982,360.87,1
983,3,LOT-00983,359.81,0
984,4,LOT-00984,265.6,0
985,5,LOT-00985,106.27,1
986,1,LOT-00986,375.7,1
987,2,LOT-00987,431.79,1
988,3,LOT-00988,134.09,1
989,4,LOT-00989,276.65,1
990,5,LOT-00990,165.04,0
991,1,LOT-00991,344.38,0
992,2,LOT-00992,414.24,1
993,3,LOT-00993,366.68,0
994,4,LOT-00994,227.22,1
995,5,LOT-00995,155.89,0
996,1,LOT-00996,417.71,1
997,2,LOT-00997,229.57,0
998,3,LOT-00998,108.86,0
999,4,LOT-00999,328.57,1
1000,5,LOT-01000,198.67,1
1001,1,LOT-01001,436.48,1
1002,2,LOT-01002,157.3,1
1003,3,LOT-01003,273.92,1
1004,4,LOT-01004,201.25,0
1005,5,LOT-01005,375.84,0
1006,1,LOT-01006,319.41,0
1007,2,LOT-01007,416.4,1
1008,3,LOT-01008,283.45,1
1009,4,LOT-01009,101.92,1
1010,5,LOT-01010,186.08,1
1011,1,LOT-01011,499.66,1
1012,2,LOT-01012,262.14,0
1013,3,LOT-01013,348.09,0
1014,4,LOT-01014,461.97,0
1015,5,LOT-01015,108.21,0
1016,1,LOT-01016,363.84,1
1017,2,LOT-01017,215.35,0
1018,3,LOT-01018,211.7,1
1019,4,LOT-01019,189.94,1
1020,5,LOT-01020,429.09,0
1021,1,LOT-01021,249.18,1
1022,2,LOT-01022,126.85,1
1023,3,LOT-01023,138.74,0
1024,4,LOT-01024,159.45,0
1025,5,LOT-01025,459.57,1
1026,1,LOT-01026,270.98,0
1027,2,LOT-01027,466.42,1
1028,3,LOT-01028,426.99,0
1029,4,LOT-01029,435.15,1
1030,5,LOT-01030,214.73,0
1031,1,LOT-01031,208.53,0
1032,2,LOT-01032,324.03,0
1033,3,LOT-01033,267.17,1
1034,4,LOT-01034,303.62,1
1035,5,LOT-01035,121.28,0
1036,1,LOT-01036,488.64,0
1037,2,LOT-01037,123.27,0
1038,3,LOT-01038,171.53,1
1039,4,LOT-01039,371.28,1
1040,5,LOT-01040,162.2,0
1041,1,LOT-01041,142.75,1
1042,2,LOT-01042,161.45,1
1043,3,LOT-01043,124.77,0
1044,4,LOT-01044,200.53,1
1045,5,LOT-01045,208.45,0
1046,1,LOT-01046,299.45,0
1047,2,LOT-01047,275.49,0
1048,3,LOT-01048,289.49,0
1049,4,LOT-01049,346.42,1
1050,5,LOT-01050,192.38,1
1051,1,LOT-01051,153.88,1
1052,2,LOT-01052,451.55,1
1053,3,LOT-01053,353.58,1
1054,4,LOT-01054,124.27,0
1055,5,LOT-01055,484.42,0
1056,1,LOT-01056,377.23,1
1057,2,LOT-01057,160.68,0
1058,3,LOT-01058,487.65,1
1059,4,LOT-01059,246.16,0
1060,5,LOT-01060,493.8,0
1061,1,LOT-01061,141.31,0
1062,2,LOT-01062,163.99,1
1063,3,LOT-01063,362.97,0
1064,4,LOT-01064,108.86,0
1065,5,LOT-01065,107.48,0
1066,1,LOT-01066,416.79,1
1067,2,LOT-01067,167.11,0
1068,3,LOT-01068,467.52,0
1069,4,LOT-01069,270.36,0
1070,5,LOT-01070,449.46,1
1071,1,LOT-01071,267.11,1
1072,2,LOT-01072,312.09,1
1073,3,LOT-01073,226.61,1
1074,4,LOT-01074,363.23,1
1075,5,LOT-01075,227.28,0
1076,1,LOT-01076,189.27,0
1077,2,LOT-01077,132.42,1
1078,3,LOT-01078,123.07,0
1079,4,LOT-01079,222.39,1
1080,5,LOT-01080,394.59,1
1081,1,LOT-01081,182.25,0
1082,2,LOT-01082,219.69,1
1083,3,LOT-01083,462.07,1
1084,4,LOT-01084,355.66,0
1085,5,LOT-01085,467.89,0
1086,1,LOT-01086,464.49,0
1087,2,LOT-01087,125.36,1
1088,3,LOT-01088,482.0,1
1089,4,LOT-01089,120.47,1
1090,5,LOT-01090,470.25,1
1091,1,LOT-01091,318.69,0
1092,2,LOT-01092,313.28,0
1093,3,LOT-01093,385.31,1
1094,4,LOT-01094,451.68,0
1095,5,LOT-01095,346.8,0
1096,1,LOT-01096,270.16,0
1097,2,LOT-01097,144.76,0
1098,3,LOT-01098,415.68,1
1099,4,LOT-01099,151.32,0
1100,5,LOT-01100,390.55,0
1101,1,LOT-01101,311.17,1
1102,2,LOT-01102,254.33,0
1103,3,LOT-01103,345.19,0
1104,4,LOT-01104,408.94,1
1105,5,LOT-01105,476.46,0
1106,1,LOT-01106,205.88,1
1107,2,LOT-01107,478.85,0
1108,3,LOT-01108,484.38,0
1109,4,LOT-01109,425.45,1
1110,5,LOT-01110,452.57,1
1111,1,LOT-01111,376.97,0
1112,2,LOT-01112,115.64,0
1113,3,LOT-01113,330.03,1
1114,4,LOT-01114,398.88,0
1115,5,LOT-01115,476.68,0
1116,1,LOT-01116,328.18,1
1117,2,LOT-01117,417.68,1
1118,3,LOT-01118,382.02,0
1119,4,LOT-01119,212.32,1
1120,5,LOT-01120,161.89,1
1121,1,LOT-01121,400.36,0
1122,2,LOT-01122,193.51,1
1123,3,LOT-01123,197.88,0
1124,4,LOT-01124,357.58,0
1125,5,LOT-01125,415.63,1
1126,1,LOT-01126,332.93,0
1127,2,LOT-01127,453.99,0
1128,3,LOT-01128,184.58,1
1129,4,LOT-01129,200.97,0
1130,5,LOT-01130,354.78,0
1131,1,LOT-01131,431.75,1
1132,2,LOT-01132,315.74,1
1133,3,LOT-01133,104.15,1
1134,4,LOT-01134,370.78,0
1135,5,LOT-01135,425.43,0
1136,1,LOT-01136,210.62,1
1137,2,LOT-01137,121.68,1
1138,3,LOT-01138,307.18,0
1139,4,LOT-01139,116.86,1
1140,5,LOT-01140,266.41,0
1141,1,LOT-01141,107.13,0
1142,2,LOT-01142,189.99,0
1143,3,LOT-01143,255.53,1
1144,4,LOT-01144,144.68,0
1145,5,LOT-01145,145.66,1
1146,1,LOT-01146,430.82,0
1147,2,LOT-01147,116.57,0
1148,3,LOT-01148,375.59,1
1149,4,LOT-01149,425.79,1
1150,5,LOT-01150,152.29,1
1151,1,LOT-01151,178.15,1
1152,2,LOT-01152,356.6,0
1153,3,LOT-01153,226.26,1
1154,4,LOT-01154,290.57,1
1155,5,LOT-01155,434.4,0
1156,1,LOT-01156,155.19,0
1157,2,LOT-01157,347.86,0
1158,3,LOT-01158,476.96,0
1159,4,LOT-01159,122.99,0
1160,5,LOT-01160,124.0,1
1161,1,LOT-01161,321.9,0
1162,2,LOT-01162,484.03,0
1163,3,LOT-01163,188.19,1
1164,4,LOT-01164,232.32,1
1165,5,LOT-01165,139.46,1
1166,1,LOT-01166,244.9,1
1167,2,LOT-01167,117.73,0
1168,3,LOT-01168,255.64,1
1169,4,LOT-01169,322.2,1
1170,5,LOT-01170,490.0,0
1171,1,LOT-01171,427.36,1
1172,2,LOT-01172,428.83,1
1173,3,LOT-01173,191.26,1
1174,4,LOT-01174,134.89,0
1175,5,LOT-01175,341.23,1
1176,1,LOT-01176,308.46,1
1177,2,LOT-01177,306.6,0
1178,3,LOT-01178,143.6,0
1179,4,LOT-01179,297.55,1
1180,5,LOT-01180,160.14,0
1181,1,LOT-01181,268.85,1
1182,2,LOT-01182,124.87,0
1183,3,LOT-01183,442.76,0
1184,4,LOT-01184,105.27,1
1185,5,LOT-01185,475.73,1
1186,1,LOT-01186,445.16,1
1187,2,LOT-01187,401.04,1
1188,3,LOT-01188,493.02,0
1189,4,LOT-01189,121.53,1
1190,5,LOT-01190,356.64,1
1191,1,LOT-01191,439.72,0
1192,2,LOT-01192,150.65,1
1193,3,LOT-01193,333.91,0
1194,4,LOT-01194,257.57,0
1195,5,LOT-01195,274.33,0
1196,1,LOT-01196,465.01,1
1197,2,LOT-01197,315.46,0
1198,3,LOT-01198,137.3,1
1199,4,LOT-01199,474.89,0
1200,5,LOT-01200,174.08,1
1201,1,LOT-01201,457.05,1
1202,2,LOT-01202,488.37,0
1203,3,LOT-01203,451.13,0
1204,4,LOT-01204,370.85,1
1205,5,LOT-01205,397.42,1
1206,1,LOT-01206,379.95,0
1207,2,LOT-01207,284.21,1
1208,3,LOT-01208,209.77,0
1209,4,LOT-01209,214.0,1
1210,5,LOT-01210,392.47,0
1211,1,LOT-01211,350.41,1
1212,2,LOT-01212,333.95,0
1213,3,LOT-01213,361.04,1
1214,4,LOT-01214,409.91,0
1215,5,LOT-01215,399.34,1
1216,1,LOT-01216,142.16,1
1217,2,LOT-01217,245.21,1
1218,3,LOT-01218,205.59,1
1219,4,LOT-01219,315.3,1
1220,5,LOT-01220,124.57,0
1221,1,LOT-01221,404.99,0
1222,2,LOT-01222,142.61,0
1223,3,LOT-01223,208.56,0
1224,4,LOT-01224,413.1,0
1225,5,LOT-01225,120.62,0
1226,1,LOT-01226,364.08,0
1227,2,LOT-01227,469.79,1
1228,3,LOT-01228,347.06,1
1229,4,LOT-01229,385.06,0
1230,5,LOT-01230,416.91,0
1231,1,LOT-01231,188.9,1
1232,2,LOT-01232,332.39,0
1233,3,LOT-01233,223.62,1
1234,4,LOT-01234,199.8,1
1235,5,LOT-01235,176.98,0
1236,1,LOT-01236,334.17,1
1237,2,LOT-01237,417.81,1
1238,3,LOT-01238,450.36,1
1239,4,LOT-01239,271.43,1
1240,5,LOT-01240,249.16,0
1241,1,LOT-01241,374.92,1
1242,2,LOT-01242,412.14,1
1243,3,LOT-01243,201.33,1
1244,4,LOT-01244,218.92,1
1245,5,LOT-01245,313.36,0
1246,1,LOT-01246,277.75,1
1247,2,LOT-01247,382.32,0
1248,3,LOT-01248,301.79,0
1249,4,LOT-01249,144.64,1
1250,5,LOT-01250,166.38,0
1251,1,LOT-01251,460.76,1
1252,2,LOT-01252,190.96,1
1253,3,LOT-01253,120.03,0
1254,4,LOT-01254,392.58,0
1255,5,LOT-01255,373.6,0
1256,1,LOT-01256,340.03,1
1257,2,LOT-01257,300.9,0
1258,3,LOT-01258,487.83,1
1259,4,LOT-01259,147.93,0
1260,5,LOT-01260,304.07,0
1261,1,LOT-01261,325.62,1
1262,2,LOT-01262,109.0,0
1263,3,LOT-01263,264.8,0
1264,4,LOT-01264,413.12,0
1265,5,LOT-01265,288.44,1
1266,1,LOT-01266,450.11,0
1267,2,LOT-01267,357.92,1
1268,3,LOT-01268,406.43,1
1269,4,LOT-01269,421.79,0
1270,5,LOT-01270,375.8,0
1271,1,LOT-01271,399.75,0
1272,2,LOT-01272,378.12,1
1273,3,LOT-01273,320.19,1
1274,4,LOT-01274,326.61,0
1275,5,LOT-01275,175.95,0
1276,1,LOT-01276,430.98,1
1277,2,LOT-01277,224.85,1
1278,3,LOT-01278,314.29,0
1279,4,LOT-01279,199.82,0
1280,5,LOT-01280,378.35,1
1281,1,LOT-01281,490.07,1
1282,2,LOT-01282,420.78,0
1283,3,LOT-01283,347.64,0
1284,4,LOT-01284,327.0,0
1285,5,LOT-01285,295.91,1
1286,1,LOT-01286,181.99,1
1287,2,LOT-01287,239.2,1
1288,3,LOT-01288,262.56,0
1289,4,LOT-01289,477.83,1
1290,5,LOT-01290,270.23,1
1291,1,LOT-01291,334.48,1
1292,2,LOT-01292,468.97,0
1293,3,LOT-01293,307.37,1
1294,4,LOT-01294,200.58,1
1295,5,LOT-01295,252.4,0
1296,1,LOT-01296,250.22,0
1297,2,LOT-01297,385.89,0
1298,3,LOT-01298,218.45,0
1299,4,LOT-01299,392.12,0
1300,5,LOT-01300,455.7,1
1301,1,LOT-01301,234.43,1
1302,2,LOT-01302,154.14,0
1303,3,LOT-01303,355.42,1
1304,4,LOT-01304,244.34,0
1305,5,LOT-01305,313.59,0
1306,1,LOT-01306,353.67,0
1307,2,LOT-01307,263.1,1
1308,3,LOT-01308,469.88,1
1309,4,LOT-01309,259.85,1
1310,5,LOT-01310,222.95,0
1311,1,LOT-01311,454.27,1
1312,2,LOT-01312,154.52,0
1313,3,LOT-01313,149.68,0
1314,4,LOT-01314,474.28,1
1315,5,LOT-01315,183.59,1
1316,1,LOT-01316,159.37,1
1317,2,LOT-01317,314.07,1
1318,3,LOT-01318,118.72,1
1319,4,LOT-01319,348.01,1
1320,5,LOT-01320,281.17,0
1321,1,LOT-01321,356.16,0
1322,2,LOT-01322,213.57,1
1323,3,LOT-01323,462.19,1
1324,4,LOT-01324,208.23,1
1325,5,LOT-01325,355.03,0
1326,1,LOT-01326,478.04,0
1327,2,LOT-01327,260.32,1
1328,3,LOT-01328,164.57,0
1329,4,LOT-01329,127.35,1
1330,5,LOT-01330,485.21,0
1331,1,LOT-01331,405.48,0
1332,2,LOT-01332,467.58,1
1333,3,LOT-01333,379.53,0
1334,4,LOT-01334,236.98,0
1335,5,LOT-01335,149.21,1
1336,1,LOT-01336,471.72,0
1337,2,LOT-01337,295.85,0
1338,3,LOT-01338,258.6,0
1339,4,LOT-01339,331.12,0
1340,5,LOT-01340,142.62,1
1341,1,LOT-01341,223.68,0
1342,2,LOT-01342,355.15,0
1343,3,LOT-01343,140.05,0
1344,4,LOT-01344,154.1,0
1345,5,LOT-01345,304.24,0
1346,1,LOT-01346,349.38,0
1347,2,LOT-01347,174.8,1
1348,3,LOT-01348,113.23,1
1349,4,LOT-01349,483.35,0
1350,5,LOT-01350,111.0,0
1351,1,LOT-01351,100.82,0
1352,2,LOT-01352,229.34,0
1353,3,LOT-01353,188.98,0
1354,4,LOT-01354,329.43,1
1355,5,LOT-01355,457.68,1
1356,1,LOT-01356,292.44,0
1357,2,LOT-01357,409.32,0
1358,3,LOT-01358,463.69,1
1359,4,LOT-01359,175.76,1
1360,5,LOT-01360,295.32,1
1361,1,LOT-01361,356.83,0
1362,2,LOT-01362,232.75,0
1363,3,LOT-01363,395.9,0
1364,4,LOT-01364,382.13,1
1365,5,LOT-01365,268.44,1
1366,1,LOT-01366,135.18,1
1367,2,LOT-01367,104.63,1
1368,3,LOT-01368,247.74,1
1369,4,LOT-01369,132.83,1
1370,5,LOT-01370,412.65,0
1371,1,LOT-01371,233.73,0
1372,2,LOT-01372,366.44,1
1373,3,LOT-01373,238.55,0
1374,4,LOT-01374,418.38,1
1375,5,LOT-01375,455.36,1
1376,1,LOT-01376,435.01,0
1377,2,LOT-01377,293.79,0
1378,3,LOT-01378,133.58,0
1379,4,LOT-01379,248.68,1
1380,5,LOT-01380,269.78,0
1381,1,LOT-01381,484.1,0
1382,2,LOT-01382,326.2,1
1383,3,LOT-01383,356.34,0
1384,4,LOT-01384,412.8,0
1385,5,LOT-01385,327.28,0
1386,1,LOT-01386,339.39,0
1387,2,LOT-01387,198.13,0
1388,3,LOT-01388,123.55,0
1389,4,LOT-01389,388.55,0
1390,5,LOT-01390,439.47,1
1391,1,LOT-01391,264.8,1
1392,2,LOT-01392,319.57,1
1393,3,LOT-01393,222.91,0
1394,4,LOT-01394,280.09,0
1395,5,LOT-01395,183.56,0
1396,1,LOT-01396,403.95,0
1397,2,LOT-01397,296.76,0
1398,3,LOT-01398,318.86,1
1399,4,LOT-01399,114.84,0
1400,5,LOT-01400,348.96,1
1401,1,LOT-01401,181.06,0
1402,2,LOT-01402,253.36,0
1403,3,LOT-01403,265.09,0
1404,4,LOT-01404,279.49,1
1405,5,LOT-01405,190.97,1
1406,1,LOT-01406,440.04,0
1407,2,LOT-01407,271.14,0
1408,3,LOT-01408,344.85,1
1409,4,LOT-01409,345.58,0
1410,5,LOT-01410,342.79,0
1411,1,LOT-01411,323.73,0
1412,2,LOT-01412,429.05,0
1413,3,LOT-01413,425.05,1
1414,4,LOT-01414,266.86,0
1415,5,LOT-01415,354.34,0
1416,1,LOT-01416,141.13,1
1417,2,LOT-01417,136.31,0
1418,3,LOT-01418,291.97,1
1419,4,LOT-01419,460.08,0
1420,5,LOT-01420,360.0,1
1421,1,LOT-01421,367.69,1
1422,2,LOT-01422,163.07,0
1423,3,LOT-01423,281.32,0
1424,4,LOT-01424,260.32,1
1425,5,LOT-01425,413.19,1
1426,1,LOT-01426,155.13,0
1427,2,LOT-01427,315.68,0
1428,3,LOT-01428,464.54,1
1429,4,LOT-01429,456.98,1
1430,5,LOT-01430,440.93,0
1431,1,LOT-01431,249.99,0
1432,2,LOT-01432,476.44,0
1433,3,LOT-01433,422.12,1
1434,4,LOT-01434,440.46,1
1435,5,LOT-01435,472.94,1
1436,1,LOT-01436,474.8,1
1437,2,LOT-01437,196.03,0
1438,3,LOT-01438,151.08,0
1439,4,LOT-01439,376.35,1
1440,5,LOT-01440,325.29,1
1441,1,LOT-01441,230.97,1
1442,2,LOT-01442,373.78,0
1443,3,LOT-01443,124.8,1
1444,4,LOT-01444,118.88,0
1445,5,LOT-01445,241.72,1
1446,1,LOT-01446,177.54,1
1447,2,LOT-01447,387.42,0
1448,3,LOT-01448,479.21,1
1449,4,LOT-01449,364.65,0
1450,5,LOT-01450,361.91,1
1451,1,LOT-01451,102.64,1
1452,2,LOT-01452,304.91,1
1453,3,LOT-01453,426.84,0
1454,4,LOT-01454,361.65,1
1455,5,LOT-01455,191.11,0
1456,1,LOT-01456,439.39,1
1457,2,LOT-01457,485.75,1
1458,3,LOT-01458,211.6,0
1459,4,LOT-01459,182.84,0
1460,5,LOT-01460,235.41,1
1461,1,LOT-01461,125.26,1
1462,2,LOT-01462,449.37,1
1463,3,LOT-01463,471.72,0
1464,4,LOT-01464,353.32,1
1465,5,LOT-01465,405.73,0
1466,1,LOT-01466,367.46,0
1467,2,LOT-01467,250.94,0
1468,3,LOT-01468,352.82,0
1469,4,LOT-01469,434.53,0
1470,5,LOT-01470,423.96,0
1471,1,LOT-01471,132.42,1
1472,2,LOT-01472,285.04,0
1473,3,LOT-01473,258.93,0
1474,4,LOT-01474,400.8,1
1475,5,LOT-01475,300.55,0
1476,1,LOT-01476,239.88,0
1477,2,LOT-01477,382.54,1
1478,3,LOT-01478,289.43,1
1479,4,LOT-01479,202.65,1
1480,5,LOT-01480,456.17,1
1481,1,LOT-01481,145.22,1
1482,2,LOT-01482,107.24,1
1483,3,LOT-01483,157.56,1
1484,4,LOT-01484,165.46,0
1485,5,LOT-01485,315.22,1
1486,1,LOT-01486,349.95,1
1487,2,LOT-01487,279.44,0
1488,3,LOT-01488,181.67,0
1489,4,LOT-01489,152.88,1
1490,5,LOT-01490,296.86,1
1491,1,LOT-01491,326.19,1
1492,2,LOT-01492,221.58,1
1493,3,LOT-01493,188.18,1
1494,4,LOT-01494,132.24,0
1495,5,LOT-01495,110.5,0
1496,1,LOT-01496,142.29,1
1497,2,LOT-01497,396.83,1
1498,3,LOT-01498,237.61,0
1499,4,LOT-01499,110.97,1
1500,5,LOT-01500,303.27,0
1501,1,LOT-01501,314.43,0
1502,2,LOT-01502,271.48,1
1503,3,LOT-01503,144.27,1
1504,4,LOT-01504,401.99,1
1505,5,LOT-01505,375.63,1
1506,1,LOT-01506,257.89,1
1507,2,LOT-01507,252.33,1
1508,3,LOT-01508,162.37,0
1509,4,LOT-01509,401.42,0
1510,5,LOT-01510,339.83,0
1511,1,LOT-01511,134.32,0
1512,2,LOT-01512,251.23,1
1513,3,LOT-01513,461.42,1
1514,4,LOT-01514,280.95,1
1515,5,LOT-01515,229.97,0
1516,1,LOT-01516,357.51,0
1517,2,LOT-01517,181.19,1
1518,3,LOT-01518,309.52,0
1519,4,LOT-01519,367.81,1
1520,5,LOT-01520,441.95,0
1521,1,LOT-01521,377.0,0
1522,2,LOT-01522,253.76,1
1523,3,LOT-01523,407.12,0
1524,4,LOT-01524,459.36,1
1525,5,LOT-01525,291.11,1
1526,1,LOT-01526,101.8,0
1527,2,LOT-01527,452.37,1
1528,3,LOT-01528,166.18,1
1529,4,LOT-01529,150.53,0
1530,5,LOT-01530,223.07,0
1531,1,LOT-01531,251.99,1
1532,2,LOT-01532,419.75,1
1533,3,LOT-01533,255.67,1
1534,4,LOT-01534,119.53,1
1535,5,LOT-01535,354.38,1
1536,1,LOT-01536,368.49,1
1537,2,LOT-01537,425.69,0
1538,3,LOT-01538,259.55,1
1539,4,LOT-01539,134.43,0
1540,5,LOT-01540,321.22,1
1541,1,LOT-01541,148.4,1
1542,2,LOT-01542,106.83,0
1543,3,LOT-01543,411.43,0
1544,4,LOT-01544,261.36,0
1545,5,LOT-01545,310.0,0
1546,1,LOT-01546,365.14,1
1547,2,LOT-01547,260.41,1
1548,3,LOT-01548,120.45,0
1549,4,LOT-01549,201.1,1
1550,5,LOT-01550,177.74,0
1551,1,LOT-01551,490.96,1
1552,2,LOT-01552,395.8,0
1553,3,LOT-01553,280.62,1
1554,4,LOT-01554,125.35,0
1555,5,LOT-01555,146.34,1
1556,1,LOT-01556,425.16,1
1557,2,LOT-01557,478.18,1
1558,3,LOT-01558,112.54,1
1559,4,LOT-01559,464.16,1
1560,5,LOT-01560,252.23,0
1561,1,LOT-01561,185.45,1
1562,2,LOT-01562,140.89,1
1563,3,LOT-01563,408.7,1
1564,4,LOT-01564,287.56,0
1565,5,LOT-01565,432.97,0
1566,1,LOT-01566,190.46,0
1567,2,LOT-01567,371.43,1
1568,3,LOT-01568,147.25,0
1569,4,LOT-01569,135.9,0
1570,5,LOT-01570,153.36,0
1571,1,LOT-01571,423.56,0
1572,2,LOT-01572,362.25,0
1573,3,LOT-01573,166.39,1
1574,4,LOT-01574,253.91,0
1575,5,LOT-01575,405.47,1
1576,1,LOT-01576,214.27,0
1577,2,LOT-01577,468.51,1
1578,3,LOT-01578,465.84,1
1579,4,LOT-01579,321.16,1
1580,5,LOT-01580,352.79,0
1581,1,LOT-01581,361.29,0
1582,2,LOT-01582,203.39,0
1583,3,LOT-01583,246.13,1
1584,4,LOT-01584,154.38,1
1585,5,LOT-01585,469.95,0
1586,1,LOT-01586,389.54,0
1587,2,LOT-01587,118.54,0
1588,3,LOT-01588,319.75,0
1589,4,LOT-01589,237.23,0
1590,5,LOT-01590,426.12,1
1591,1,LOT-01591,237.52,1
1592,2,LOT-01592,357.66,0
1593,3,LOT-01593,166.3,0
1594,4,LOT-01594,323.5,1
1595,5,LOT-01595,217.55,0
1596,1,LOT-01596,165.96,0
1597,2,LOT-01597,347.7,1
1598,3,LOT-01598,355.46,0
1599,4,LOT-01599,493.34,0
1600,5,LOT-01600,367.64,1
1601,1,LOT-01601,306.28,0
1602,2,LOT-01602,465.05,1
1603,3,LOT-01603,431.31,0
1604,4,LOT-01604,319.5,1
1605,5,LOT-01605,304.54,0
1606,1,LOT-01606,476.79,1
1607,2,LOT-01607,346.85,1
1608,3,LOT-01608,385.51,1
1609,4,LOT-01609,134.67,1
1610,5,LOT-01610,387.32,0
1611,1,LOT-01611,205.87,1
1612,2,LOT-01612,146.22,0
1613,3,LOT-01613,439.87,0
1614,4,LOT-01614,376.48,0
1615,5,LOT-01615,263.03,0
1616,1,LOT-01616,272.57,0
1617,2,LOT-01617,178.85,0
1618,3,LOT-01618,103.82,0
1619,4,LOT-01619,239.74,0
1620,5,LOT-01620,159.37,0
1621,1,LOT-01621,268.69,1
1622,2,LOT-01622,433.53,0
1623,3,LOT-01623,145.9,0
1624,4,LOT-01624,136.7,0
1625,5,LOT-01625,460.84,0
1626,1,LOT-01626,398.06,0
1627,2,LOT-01627,121.23,1
1628,3,LOT-01628,131.83,1
1629,4,LOT-01629,373.97,1
1630,5,LOT-01630,248.14,0
1631,1,LOT-01631,389.67,0
1632,2,LOT-01632,261.78,0
1633,3,LOT-01633,487.11,1
1634,4,LOT-01634,377.77,0
1635,5,LOT-01635,118.65,0
1636,1,LOT-01636,232.2,0
1637,2,LOT-01637,325.44,1
1638,3,LOT-01638,156.75,0
1639,4,LOT-01639,101.01,0
1640,5,LOT-01640,131.72,0
1641,1,LOT-01641,309.71,1
1642,2,LOT-01642,352.9,1
1643,3,LOT-01643,137.16,0
1644,4,LOT-01644,366.06,1
1645,5,LOT-01645,346.85,1
1646,1,LOT-01646,475.96,1
1647,2,LOT-01647,436.27,1
1648,3,LOT-01648,477.3,1
1649,4,LOT-01649,486.44,1
1650,5,LOT-01650,276.32,0
1651,1,LOT-01651,295.16,0
1652,2,LOT-01652,212.65,1
1653,3,LOT-01653,303.37,0
1654,4,LOT-01654,160.29,0
1655,5,LOT-01655,368.57,1
1656,1,LOT-01656,109.97,0
1657,2,LOT-01657,194.25,1
1658,3,LOT-01658,183.23,1
1659,4,LOT-01659,475.16,0
1660,5,LOT-01660,157.96,1
1661,1,LOT-01661,456.31,0
1662,2,LOT-01662,149.74,0
1663,3,LOT-01663,360.28,0
1664,4,LOT-01664,227.95,0
1665,5,LOT-01665,226.4,0
1666,1,LOT-01666,499.31,0
1667,2,LOT-01667,190.42,0
1668,3,LOT-01668,181.02,0
1669,4,LOT-01669,335.73,1
1670,5,LOT-01670,396.3,0
1671,1,LOT-01671,493.0,0
1672,2,LOT-01672,380.57,1
1673,3,LOT-01673,324.75,0
1674,4,LOT-01674,263.65,1
1675,5,LOT-01675,338.05,1
1676,1,LOT-01676,340.33,1
1677,2,LOT-01677,187.08,1
1678,3,LOT-01678,368.48,0
1679,4,LOT-01679,181.77,1
1680,5,LOT-01680,295.98,1
1681,1,LOT-01681,203.95,0
1682,2,LOT-01682,225.12,1
1683,3,LOT-01683,345.55,1
1684,4,LOT-01684,125.79,0
1685,5,LOT-01685,104.81,1
1686,1,LOT-01686,152.25,0
1687,2,LOT-01687,167.48,1
1688,3,LOT-01688,179.15,0
1689,4,LOT-01689,409.57,0
1690,5,LOT-01690,278.74,0
1691,1,LOT-01691,287.97,0
1692,2,LOT-01692,357.73,0
1693,3,LOT-01693,391.64,0
1694,4,LOT-01694,101.4,0
1695,5,LOT-01695,442.69,0
1696,1,LOT-01696,495.37,0
1697,2,LOT-01697,148.72,1
1698,3,LOT-01698,360.43,0
1699,4,LOT-01699,100.97,0
1700,5,LOT-01700,119.61,1
1701,1,LOT-01701,214.0,0
1702,2,LOT-01702,438.56,1
1703,3,LOT-01703,361.0,1
1704,4,LOT-01704,278.33,0
1705,5,LOT-01705,275.44,0
1706,1,LOT-01706,286.42,0
1707,2,LOT-01707,224.41,1
1708,3,LOT-01708,451.09,1
1709,4,LOT-01709,327.15,0
1710,5,LOT-01710,293.58,0
1711,1,LOT-01711,286.03,0
1712,2,LOT-01712,474.33,1
1713,3,LOT-01713,389.46,0
1714,4,LOT-01714,157.93,0
1715,5,LOT-01715,274.79,0
1716,1,LOT-01716,215.35,0
1717,2,LOT-01717,494.75,1
1718,3,LOT-01718,266.16,1
1719,4,LOT-01719,127.15,0
1720,5,LOT-01720,264.48,1
1721,1,LOT-01721,228.54,0
1722,2,LOT-01722,339.83,0
1723,3,LOT-01723,190.43,1
1724,4,LOT-01724,114.39,0
1725,5,LOT-01725,138.35,1
1726,1,LOT-01726,213.26,1
1727,2,LOT-01727,239.33,1
1728,3,LOT-01728,433.78,0
1729,4,LOT-01729,208.03,1
1730,5,LOT-01730,112.6,0
1731,1,LOT-01731,412.29,1
1732,2,LOT-01732,447.57,0
1733,3,LOT-01733,296.92,1
1734,4,LOT-01734,213.97,1
1735,5,LOT-01735,408.86,0
1736,1,LOT-01736,103.56,0
1737,2,LOT-01737,469.61,0
1738,3,LOT-01738,446.21,1
1739,4,LOT-01739,317.93,0
1740,5,LOT-01740,211.03,0
1741,1,LOT-01741,113.14,1
1742,2,LOT-01742,499.93,0
1743,3,LOT-01743,404.83,0
1744,4,LOT-01744,235.48,1
1745,5,LOT-01745,107.71,0
1746,1,LOT-01746,355.72,0
1747,2,LOT-01747,494.76,0
1748,3,LOT-01748,382.83,0
1749,4,LOT-01749,133.49,0
1750,5,LOT-01750,260.91,1
1751,1,LOT-01751,143.67,0
1752,2,LOT-01752,464.86,1
1753,3,LOT-01753,232.17,1
1754,4,LOT-01754,393.35,1
1755,5,LOT-01755,133.88,1
1756,1,LOT-01756,151.37,0
1757,2,LOT-01757,371.8,0
1758,3,LOT-01758,437.39,0
1759,4,LOT-01759,180.58,0
1760,5,LOT-01760,267.33,1
1761,1,LOT-01761,347.77,1
1762,2,LOT-01762,418.51,1
1763,3,LOT-01763,351.28,1
1764,4,LOT-01764,138.17,1
1765,5,LOT-01765,317.13,1
1766,1,LOT-01766,453.84,0
1767,2,LOT-01767,447.21,1
1768,3,LOT-01768,334.01,1
1769,4,LOT-01769,498.28,0
1770,5,LOT-01770,142.05,1
1771,1,LOT-01771,291.44,0
1772,2,LOT-01772,410.05,0
1773,3,LOT-01773,156.42,0
1774,4,LOT-01774,489.1,0
1775,5,LOT-01775,241.62,1
1776,1,LOT-01776,240.06,0
1777,2,LOT-01777,185.28,0
1778,3,LOT-01778,215.21,0
1779,4,LOT-01779,331.04,1
1780,5,LOT-01780,271.74,1
1781,1,LOT-01781,177.35,0
1782,2,LOT-01782,423.66,1
1783,3,LOT-01783,124.9,1
1784,4,LOT-01784,433.86,1
1785,5,LOT-01785,209.98,1
1786,1,LOT-01786,298.36,1
1787,2,LOT-01787,252.43,1
1788,3,LOT-01788,328.24,0
1789,4,LOT-01789,418.4,0
1790,5,LOT-01790,495.73,1
1791,1,LOT-01791,222.42,0
1792,2,LOT-01792,321.52,0
1793,3,LOT-01793,286.4,1
1794,4,LOT-01794,499.57,1
1795,5,LOT-01795,423.57,0
1796,1,LOT-01796,258.83,0
1797,2,LOT-01797,290.75,1
1798,3,LOT-01798,198.38,0
1799,4,LOT-01799,402.1,1
1800,5,LOT-01800,438.08,0
1801,1,LOT-01801,485.99,1
1802,2,LOT-01802,326.33,0
1803,3,LOT-01803,368.27,1
1804,4,LOT-01804,278.42,0
1805,5,LOT-01805,343.65,0
1806,1,LOT-01806,239.5,0
1807,2,LOT-01807,395.08,0
1808,3,LOT-01808,109.08,1
1809,4,LOT-01809,111.38,0
1810,5,LOT-01810,386.45,1
1811,1,LOT-01811,472.27,1
1812,2,LOT-01812,352.9,1
1813,3,LOT-01813,390.61,1
1814,4,LOT-01814,429.57,0
1815,5,LOT-01815,244.67,1
1816,1,LOT-01816,143.25,1
1817,2,LOT-01817,473.24,1
1818,3,LOT-01818,475.43,1
1819,4,LOT-01819,276.74,1
1820,5,LOT-01820,186.87,1
1821,1,LOT-01821,456.94,1
1822,2,LOT-01822,383.37,0
1823,3,LOT-01823,103.29,0
1824,4,LOT-01824,143.09,0
1825,5,LOT-01825,493.28,1
1826,1,LOT-01826,115.25,1
1827,2,LOT-01827,213.02,1
1828,3,LOT-01828,319.4,0
1829,4,LOT-01829,173.74,1
1830,5,LOT-01830,192.82,1
1831,1,LOT-01831,241.19,1
1832,2,LOT-01832,207.82,0
1833,3,LOT-01833,421.34,0
1834,4,LOT-01834,300.11,0
1835,5,LOT-01835,211.45,1
1836,1,LOT-01836,225.24,1
1837,2,LOT-01837,115.95,1
1838,3,LOT-01838,119.76,0
1839,4,LOT-01839,387.16,0
1840,5,LOT-01840,145.16,1
1841,1,LOT-01841,290.32,1
1842,2,LOT-01842,436.95,0
1843,3,LOT-01843,247.38,0
1844,4,LOT-01844,238.3,1
1845,5,LOT-01845,449.22,0
1846,1,LOT-01846,445.94,0
1847,2,LOT-01847,452.05,0
1848,3,LOT-01848,328.77,0
1849,4,LOT-01849,480.92,1
1850,5,LOT-01850,427.59,1
1851,1,LOT-01851,266.25,0
1852,2,LOT-01852,351.82,1
1853,3,LOT-01853,148.72,1
1854,4,LOT-01854,320.53,0
1855,5,LOT-01855,205.26,0
1856,1,LOT-01856,213.42,0
1857,2,LOT-01857,150.29,0
1858,3,LOT-01858,243.28,1
1859,4,LOT-01859,292.56,0
1860,5,LOT-01860,340.14,0
1861,1,LOT-01861,221.95,1
1862,2,LOT-01862,416.9,1
1863,3,LOT-01863,308.38,0
1864,4,LOT-01864,355.22,0
1865,5,LOT-01865,211.26,1
1866,1,LOT-01866,425.65,0
1867,2,LOT-01867,349.71,0
1868,3,LOT-01868,444.94,0
1869,4,LOT-01869,163.98,1
1870,5,LOT-01870,252.27,0
1871,1,LOT-01871,145.21,1
1872,2,LOT-01872,186.21,0
1873,3,LOT-01873,257.82,1
1874,4,LOT-01874,457.83,0
1875,5,LOT-01875,322.82,1
1876,1,LOT-01876,232.15,0
1877,2,LOT-01877,398.76,1
1878,3,LOT-01878,107.87,1
1879,4,LOT-01879,248.04,1
1880,5,LOT-01880,340.33,0
1881,1,LOT-01881,333.29,0
1882,2,LOT-01882,343.02,0
1883,3,LOT-01883,184.6,1
1884,4,LOT-01884,234.83,1
1885,5,LOT-01885,472.63,1
1886,1,LOT-01886,489.59,1
1887,2,LOT-01887,224.82,1
1888,3,LOT-01888,357.8,0
1889,4,LOT-01889,196.52,0
1890,5,LOT-01890,247.41,0
1891,1,LOT-01891,416.93,0
1892,2,LOT-01892,300.47,1
1893,3,LOT-01893,439.84,1
1894,4,LOT-01894,351.5,0
1895,5,LOT-01895,351.57,0
1896,1,LOT-01896,113.55,0
1897,2,LOT-01897,399.87,1
1898,3,LOT-01898,491.15,1
1899,4,LOT-01899,289.21,0
1900,5,LOT-01900,163.43,0
1901,1,LOT-01901,490.79,1
1902,2,LOT-01902,216.05,1
1903,3,LOT-01903,263.68,1
1904,4,LOT-01904,130.95,0
1905,5,LOT-01905,144.33,0
1906,1,LOT-01906,186.63,1
1907,2,LOT-01907,319.39,1
1908,3,LOT-01908,323.12,0
1909,4,LOT-01909,342.5,0
1910,5,LOT-01910,333.53,1
1911,1,LOT-01911,298.09,0
1912,2,LOT-01912,420.84,1
1913,3,LOT-01913,473.56,1
1914,4,LOT-01914,207.9,1
1915,5,LOT-01915,152.08,0
1916,1,LOT-01916,270.03,1
1917,2,LOT-01917,110.57,1
1918,3,LOT-01918,453.33,0
1919,4,LOT-01919,195.88,1
1920,5,LOT-01920,319.72,0
1921,1,LOT-01921,146.04,0
1922,2,LOT-01922,321.3,1
1923,3,LOT-01923,115.6,1
1924,4,LOT-01924,407.52,1
1925,5,LOT-01925,482.17,1
1926,1,LOT-01926,222.79,1
1927,2,LOT-01927,203.29,1
1928,3,LOT-01928,279.2,1
1929,4,LOT-01929,347.99,0
1930,5,LOT-01930,175.58,0
1931,1,LOT-01931,421.32,1
1932,2,LOT-01932,179.41,0
1933,3,LOT-01933,102.19,1
1934,4,LOT-01934,309.7,1
1935,5,LOT-01935,146.06,0
1936,1,LOT-01936,379.3,0
1937,2,LOT-01937,166.99,0
1938,3,LOT-01938,426.95,0
1939,4,LOT-01939,288.15,1
1940,5,LOT-01940,326.51,0
1941,1,LOT-01941,174.63,0
1942,2,LOT-01942,158.68,1
1943,3,LOT-01943,352.52,0
1944,4,LOT-01944,202.18,1
1945,5,LOT-01945,254.37,1
1946,1,LOT-01946,291.78,0
1947,2,LOT-01947,191.85,0
1948,3,LOT-01948,418.17,1
1949,4,LOT-01949,475.77,1
1950,5,LOT-01950,272.76,1
1951,1,LOT-01951,467.02,0
1952,2,LOT-01952,453.07,0
1953,3,LOT-01953,166.42,1
1954,4,LOT-01954,169.35,1
1955,5,LOT-01955,290.96,0
1956,1,LOT-01956,310.34,1
1957,2,LOT-01957,236.45,1
1958,3,LOT-01958,225.17,1
1959,4,LOT-01959,272.55,0
1960,5,LOT-01960,376.19,1
1961,1,LOT-01961,133.76,0
1962,2,LOT-01962,384.23,1
1963,3,LOT-01963,470.5,0
1964,4,LOT-01964,405.4,0
1965,5,LOT-01965,176.67,1
1966,1,LOT-01966,134.99,1
1967,2,LOT-01967,296.15,0
1968,3,LOT-01968,482.56,0
1969,4,LOT-01969,427.62,0
1970,5,LOT-01970,325.09,1
1971,1,LOT-01971,157.19,1
1972,2,LOT-01972,385.53,0
1973,3,LOT-01973,425.2,0
1974,4,LOT-01974,474.03,1
1975,5,LOT-01975,344.85,0
1976,1,LOT-01976,305.79,1
1977,2,LOT-01977,347.67,1
1978,3,LOT-01978,477.3,0
1979,4,LOT-01979,351.25,0
1980,5,LOT-01980,203.04,0
1981,1,LOT-01981,354.46,1
1982,2,LOT-01982,451.9,0
1983,3,LOT-01983,326.8,0
1984,4,LOT-01984,301.08,1
1985,5,LOT-01985,393.35,0
1986,1,LOT-01986,364.4,1
1987,2,LOT-01987,122.68,0
1988,3,LOT-01988,390.12,1
1989,4,LOT-01989,263.02,0
1990,5,LOT-01990,476.36,1
1991,1,LOT-01991,488.32,0
1992,2,LOT-01992,279.5,0
1993,3,LOT-01993,487.52,0
1994,4,LOT-01994,224.33,0
1995,5,LOT-01995,373.06,1
1996,1,LOT-01996,130.02,1
1997,2,LOT-01997,158.0,1
1998,3,LOT-01998,445.81,1
1999,4,LOT-01999,457.51,0
2000,5,LOT-02000,313.04,1
2001,1,LOT-02001,235.91,1
2002,2,LOT-02002,280.41,1
2003,3,LOT-02003,447.85,1
2004,4,LOT-02004,184.4,1
2005,5,LOT-02005,217.95,0
2006,1,LOT-02006,414.18,1
2007,2,LOT-02007,474.11,0
2008,3,LOT-02008,137.17,1
2009,4,LOT-02009,421.51,0
2010,5,LOT-02010,358.03,0
2011,1,LOT-02011,192.31,1
2012,2,LOT-02012,402.33,1
2013,3,LOT-02013,391.17,1
2014,4,LOT-02014,156.81,0
2015,5,LOT-02015,300.9,0
2016,1,LOT-02016,403.32,1
2017,2,LOT-02017,176.62,1
2018,3,LOT-02018,285.11,1
2019,4,LOT-02019,148.3,1
2020,5,LOT-02020,222.73,0
2021,1,LOT-02021,187.18,0
2022,2,LOT-02022,302.03,0
2023,3,LOT-02023,156.49,1
2024,4,LOT-02024,253.26,1
2025,5,LOT-02025,210.07,0
2026,1,LOT-02026,398.42,0
2027,2,LOT-02027,379.87,0
2028,3,LOT-02028,137.97,0
2029,4,LOT-02029,481.39,0
2030,5,LOT-02030,397.87,1
2031,1,LOT-02031,346.38,0
2032,2,LOT-02032,291.08,1
2033,3,LOT-02033,171.17,0
2034,4,LOT-02034,484.81,0
2035,5,LOT-02035,103.14,1
2036,1,LOT-02036,376.99,0
2037,2,LOT-02037,302.98,1
2038,3,LOT-02038,461.03,1
2039,4,LOT-02039,252.28,0
2040,5,LOT-02040,307.46,1
2041,1,LOT-02041,396.94,0
2042,2,LOT-02042,119.03,1
2043,3,LOT-02043,121.79,0
2044,4,LOT-02044,184.67,0
2045,5,LOT-02045,158.57,0
2046,1,LOT-02046,102.58,1
2047,2,LOT-02047,349.2,0
2048,3,LOT-02048,418.38,0
2049,4,LOT-02049,482.85,1
2050,5,LOT-02050,276.36,1
2051,1,LOT-02051,211.89,0
2052,2,LOT-02052,445.56,0
2053,3,LOT-02053,437.76,0
2054,4,LOT-02054,349.94,0
2055,5,LOT-02055,209.26,1
2056,1,LOT-02056,463.41,1
2057,2,LOT-02057,171.36,0
2058,3,LOT-02058,117.46,0
2059,4,LOT-02059,418.65,0
2060,5,LOT-02060,325.46,1
2061,1,LOT-02061,198.59,0
2062,2,LOT-02062,368.36,1
2063,3,LOT-02063,406.69,1
2064,4,LOT-02064,437.82,0
2065,5,LOT-02065,212.85,0
2066,1,LOT-02066,110.23,0
2067,2,LOT-02067,304.02,0
2068,3,LOT-02068,442.43,1
2069,4,LOT-02069,183.13,1
2070,5,LOT-02070,268.45,0
2071,1,LOT-02071,202.57,0
2072,2,LOT-02072,105.35,0
2073,3,LOT-02073,459.41,0
2074,4,LOT-02074,154.02,1
2075,5,LOT-02075,406.71,1
2076,1,LOT-02076,238.64,1
2077,2,LOT-02077,211.07,0
2078,3,LOT-02078,476.41,1
2079,4,LOT-02079,362.88,1
2080,5,LOT-02080,374.77,0
2081,1,LOT-02081,403.86,0
2082,2,LOT-02082,236.37,0
2083,3,LOT-02083,325.47,0
2084,4,LOT-02084,208.09,0
2085,5,LOT-02085,433.82,1
2086,1,LOT-02086,339.72,0
2087,2,LOT-02087,197.36,1
2088,3,LOT-02088,459.9,0
2089,4,LOT-02089,332.34,0
2090,5,LOT-02090,298.01,0
2091,1,LOT-02091,113.8,1
2092,2,LOT-02092,463.92,0
2093,3,LOT-02093,480.91,0
2094,4,LOT-02094,325.04,1
2095,5,LOT-02095,277.01,0
2096,1,LOT-02096,243.83,1
2097,2,LOT-02097,207.22,1
2098,3,LOT-02098,329.81,1
2099,4,LOT-02099,151.24,0
2100,5,LOT-02100,467.67,1
2101,1,LOT-02101,170.38,0
2102,2,LOT-02102,398.21,0
2103,3,LOT-02103,222.76,0
2104,4,LOT-02104,190.43,1
2105,5,LOT-02105,323.15,1
2106,1,LOT-02106,406.05,0
2107,2,LOT-02107,390.69,1
2108,3,LOT-02108,193.5,1
2109,4,LOT-02109,232.2,1
2110,5,LOT-02110,447.53,1
2111,1,LOT-02111,389.3,0
2112,2,LOT-02112,385.08,1
2113,3,LOT-02113,207.56,1
2114,4,LOT-02114,416.8,1
2115,5,LOT-02115,243.37,0
2116,1,LOT-02116,260.56,1
2117,2,LOT-02117,215.02,1
2118,3,LOT-02118,148.56,1
2119,4,LOT-02119,268.16,1
2120,5,LOT-02120,106.78,0
2121,1,LOT-02121,282.36,0
2122,2,LOT-02122,390.0,0
2123,3,LOT-02123,484.3,1
2124,4,LOT-02124,131.45,1
2125,5,LOT-02125,212.52,1
2126,1,LOT-02126,297.65,1
2127,2,LOT-02127,168.16,1
2128,3,LOT-02128,146.73,1
2129,4,LOT-02129,280.93,0
2130,5,LOT-02130,332.29,1
2131,1,LOT-02131,428.08,1
2132,2,LOT-02132,499.12,1
2133,3,LOT-02133,409.71,0
2134,4,LOT-02134,188.54,0
2135,5,LOT-02135,399.19,0
2136,1,LOT-02136,314.86,0
2137,2,LOT-02137,280.32,1
2138,3,LOT-02138,474.29,0
2139,4,LOT-02139,380.84,1
2140,5,LOT-02140,372.68,0
2141,1,LOT-02141,104.7,0
2142,2,LOT-02142,446.03,1
2143,3,LOT-02143,417.32,1
2144,4,LOT-02144,219.58,0
2145,5,LOT-02145,216.85,0
2146,1,LOT-02146,121.39,1
2147,2,LOT-02147,120.34,0
2148,3,LOT-02148,367.44,1
2149,4,LOT-02149,174.5,0
2150,5,LOT-02150,469.42,1
2151,1,LOT-02151,436.96,0
2152,2,LOT-02152,239.55,0
2153,3,LOT-02153,252.03,1
2154,4,LOT-02154,230.91,1
2155,5,LOT-02155,136.96,1
2156,1,LOT-02156,112.57,1
2157,2,LOT-02157,280.85,1
2158,3,LOT-02158,477.22,0
2159,4,LOT-02159,466.9,0
2160,5,LOT-02160,423.94,1
2161,1,LOT-02161,351.44,0
2162,2,LOT-02162,442.49,1
2163,3,LOT-02163,306.03,0
2164,4,LOT-02164,172.06,0
2165,5,LOT-02165,373.67,0
2166,1,LOT-02166,468.26,0
2167,2,LOT-02167,107.84,1
2168,3,LOT-02168,200.58,0
2169,4,LOT-02169,206.18,1
2170,5,LOT-02170,139.62,0
2171,1,LOT-02171,190.2,1
2172,2,LOT-02172,253.59,0
2173,3,LOT-02173,475.93,1
2174,4,LOT-02174,444.11,0
2175,5,LOT-02175,478.4,1
2176,1,LOT-02176,148.23,0
2177,2,LOT-02177,111.22,0
2178,3,LOT-02178,143.95,1
2179,4,LOT-02179,465.72,0
2180,5,LOT-02180,163.0,1
2181,1,LOT-02181,329.05,0
2182,2,LOT-02182,191.03,1
2183,3,LOT-02183,108.25,1
2184,4,LOT-02184,133.85,1
2185,5,LOT-02185,383.92,1
2186,1,LOT-02186,172.95,0
2187,2,LOT-02187,191.66,0
2188,3,LOT-02188,250.9,1
2189,4,LOT-02189,362.9,1
2190,5,LOT-02190,287.75,1
2191,1,LOT-02191,477.84,0
2192,2,LOT-02192,273.67,0
2193,3,LOT-02193,179.65,1
2194,4,LOT-02194,314.46,1
2195,5,LOT-02195,280.36,1
2196,1,LOT-02196,414.86,0
2197,2,LOT-02197,474.05,0
2198,3,LOT-02198,434.52,1
2199,4,LOT-02199,255.62,1
2200,5,LOT-02200,186.45,1
2201,1,LOT-02201,465.8,0
2202,2,LOT-02202,254.38,1
2203,3,LOT-02203,408.08,0
2204,4,LOT-02204,495.81,0
2205,5,LOT-02205,330.98,1
2206,1,LOT-02206,291.95,0
2207,2,LOT-02207,379.95,0
2208,3,LOT-02208,177.57,0
2209,4,LOT-02209,295.3,1
2210,5,LOT-02210,224.93,0
2211,1,LOT-02211,165.69,0
2212,2,LOT-02212,344.05,1
2213,3,LOT-02213,330.28,1
2214,4,LOT-02214,404.48,1
2215,5,LOT-02215,449.19,0
2216,1,LOT-02216,188.15,1
2217,2,LOT-02217,411.88,1
2218,3,LOT-02218,246.95,1
2219,4,LOT-02219,351.52,0
2220,5,LOT-02220,440.1,1
2221,1,LOT-02221,202.47,0
2222,2,LOT-02222,340.38,1
2223,3,LOT-02223,292.13,0
2224,4,LOT-02224,416.23,0
2225,5,LOT-02225,378.9,0
2226,1,LOT-02226,407.85,0
2227,2,LOT-02227,215.18,0
2228,3,LOT-02228,381.74,1
2229,4,LOT-02229,342.32,1
2230,5,LOT-02230,282.67,0
2231,1,LOT-02231,251.34,1
2232,2,LOT-02232,232.64,1
2233,3,LOT-02233,103.87,0
2234,4,LOT-02234,167.82,0
2235,5,LOT-02235,123.59,1
2236,1,LOT-02236,439.34,0
2237,2,LOT-02237,444.04,0
2238,3,LOT-02238,438.48,0
2239,4,LOT-02239,427.17,1
2240,5,LOT-02240,188.53,0
2241,1,LOT-02241,296.71,1
2242,2,LOT-02242,463.14,1
2243,3,LOT-02243,403.91,1
2244,4,LOT-02244,100.73,1
2245,5,LOT-02245,283.77,1
2246,1,LOT-02246,104.27,0
2247,2,LOT-02247,212.26,1
2248,3,LOT-02248,274.3,0
2249,4,LOT-02249,457.16,1
2250,5,LOT-02250,361.75,0
2251,1,LOT-02251,244.99,0
2252,2,LOT-02252,296.26,0
2253,3,LOT-02253,426.96,0
2254,4,LOT-02254,219.86,0
2255,5,LOT-02255,346.01,0
2256,1,LOT-02256,204.9,1
2257,2,LOT-02257,291.99,0
2258,3,LOT-02258,109.86,0
2259,4,LOT-02259,440.91,0
2260,5,LOT-02260,119.34,0
2261,1,LOT-02261,189.74,1
2262,2,LOT-02262,233.4,1
2263,3,LOT-02263,350.06,1
2264,4,LOT-02264,388.01,0
2265,5,LOT-02265,132.18,0
2266,1,LOT-02266,117.39,1
2267,2,LOT-02267,419.6,0
2268,3,LOT-02268,384.87,1
2269,4,LOT-02269,432.62,0
2270,5,LOT-02270,370.62,0
2271,1,LOT-02271,400.4,0
2272,2,LOT-02272,251.62,0
2273,3,LOT-02273,336.07,0
2274,4,LOT-02274,422.16,1
2275,5,LOT-02275,168.85,0
2276,1,LOT-02276,269.13,1
2277,2,LOT-02277,396.2,1
2278,3,LOT-02278,313.05,1
2279,4,LOT-02279,372.66,1
2280,5,LOT-02280,217.15,0
2281,1,LOT-02281,112.94,0
2282,2,LOT-02282,111.66,1
2283,3,LOT-02283,477.11,0
2284,4,LOT-02284,477.82,0
2285,5,LOT-02285,184.51,1
2286,1,LOT-02286,158.99,0
2287,2,LOT-02287,107.26,1
2288,3,LOT-02288,192.5,1
2289,4,LOT-02289,233.74,1
2290,5,LOT-02290,196.5,1
2291,1,LOT-02291,418.95,0
2292,2,LOT-02292,399.77,1
2293,3,LOT-02293,132.41,1
2294,4,LOT-02294,378.93,0
2295,5,LOT-02295,308.23,0
2296,1,LOT-02296,152.87,0
2297,2,LOT-02297,395.81,1
2298,3,LOT-02298,134.42,0
2299,4,LOT-02299,170.86,1
2300,5,LOT-02300,159.69,0
2301,1,LOT-02301,475.61,0
2302,2,LOT-02302,379.26,0
2303,3,LOT-02303,264.51,0
2304,4,LOT-02304,428.88,1
2305,5,LOT-02305,186.38,1
2306,1,LOT-02306,472.44,0
2307,2,LOT-02307,378.8,1
2308,3,LOT-02308,323.83,0
2309,4,LOT-02309,417.86,0
2310,5,LOT-02310,357.91,1
2311,1,LOT-02311,454.84,0
2312,2,LOT-02312,431.66,1
2313,3,LOT-02313,179.13,1
2314,4,LOT-02314,195.87,0
2315,5,LOT-02315,126.04,1
2316,1,LOT-02316,188.08,0
2317,2,LOT-02317,237.4,0
2318,3,LOT-02318,111.53,0
2319,4,LOT-02319,225.99,1
2320,5,LOT-02320,408.62,0
2321,1,LOT-02321,436.13,1
2322,2,LOT-02322,103.55,0
2323,3,LOT-02323,102.86,0
2324,4,LOT-02324,158.52,1
2325,5,LOT-02325,449.03,1
2326,1,LOT-02326,287.71,0
2327,2,LOT-02327,493.16,1
2328,3,LOT-02328,454.93,1
2329,4,LOT-02329,456.05,1
2330,5,LOT-02330,151.39,0
2331,1,LOT-02331,290.09,0
2332,2,LOT-02332,497.44,0
2333,3,LOT-02333,159.62,0
2334,4,LOT-02334,329.69,1
2335,5,LOT-02335,237.71,0
2336,1,LOT-02336,255.14,1
2337,2,LOT-02337,456.32,0
2338,3,LOT-02338,335.16,1
2339,4,LOT-02339,403.51,1
2340,5,LOT-02340,369.29,1
2341,1,LOT-02341,311.61,0
2342,2,LOT-02342,416.68,0
2343,3,LOT-02343,488.29,0
2344,4,LOT-02344,486.73,1
2345,5,LOT-02345,415.78,0
2346,1,LOT-02346,294.93,1
2347,2,LOT-02347,165.26,1
2348,3,LOT-02348,117.79,0
2349,4,LOT-02349,192.58,0
2350,5,LOT-02350,236.1,1
2351,1,LOT-02351,151.94,1
2352,2,LOT-02352,189.91,0
2353,3,LOT-02353,133.42,1
2354,4,LOT-02354,309.47,1
2355,5,LOT-02355,150.53,1
2356,1,LOT-02356,397.11,1
2357,2,LOT-02357,233.06,0
2358,3,LOT-02358,368.83,1
2359,4,LOT-02359,453.01,1
2360,5,LOT-02360,134.41,1
2361,1,LOT-02361,495.6,0
2362,2,LOT-02362,358.1,0
2363,3,LOT-02363,121.35,1
2364,4,LOT-02364,225.6,1
2365,5,LOT-02365,454.5,1
2366,1,LOT-02366,338.49,0
2367,2,LOT-02367,214.89,1
2368,3,LOT-02368,476.2,0
2369,4,LOT-02369,414.9,1
2370,5,LOT-02370,394.22,0
2371,1,LOT-02371,455.37,0
2372,2,LOT-02372,407.91,0
2373,3,LOT-02373,214.7,1
2374,4,LOT-02374,333.55,0
2375,5,LOT-02375,436.91,0
2376,1,LOT-02376,172.34,0
2377,2,LOT-02377,165.21,0
2378,3,LOT-02378,163.59,0
2379,4,LOT-02379,177.7,0
2380,5,LOT-02380,141.29,0
2381,1,LOT-02381,435.05,0
2382,2,LOT-02382,427.33,1
2383,3,LOT-02383,160.55,0
2384,4,LOT-02384,382.21,1
2385,5,LOT-02385,350.79,1
2386,1,LOT-02386,210.48,1
2387,2,LOT-02387,190.95,0
2388,3,LOT-02388,200.23,1
2389,4,LOT-02389,392.25,1
2390,5,LOT-02390,227.73,1
2391,1,LOT-02391,211.18,0
2392,2,LOT-02392,108.99,1
2393,3,LOT-02393,463.29,0
2394,4,LOT-02394,401.08,0
2395,5,LOT-02395,289.11,1
2396,1,LOT-02396,477.17,1
2397,2,LOT-02397,217.41,1
2398,3,LOT-02398,369.88,0
2399,4,LOT-02399,222.06,0
2400,5,LOT-02400,225.83,1
2401,1,LOT-02401,437.88,0
2402,2,LOT-02402,414.81,1
2403,3,LOT-02403,217.64,0
2404,4,LOT-02404,132.56,1
2405,5,LOT-02405,243.03,1
2406,1,LOT-02406,404.02,1
2407,2,LOT-02407,140.22,0
2408,3,LOT-02408,368.84,1
2409,4,LOT-02409,455.91,1
2410,5,LOT-02410,171.69,0
2411,1,LOT-02411,444.88,0
2412,2,LOT-02412,120.55,0
2413,3,LOT-02413,366.75,0
2414,4,LOT-02414,416.42,0
2415,5,LOT-02415,277.91,1
2416,1,LOT-02416,181.49,1
2417,2,LOT-02417,469.89,0
2418,3,LOT-02418,107.99,0
2419,4,LOT-02419,322.03,0
2420,5,LOT-02420,249.14,1
2421,1,LOT-02421,284.42,1
2422,2,LOT-02422,314.63,1
2423,3,LOT-02423,313.9,1
2424,4,LOT-02424,181.45,1
2425,5,LOT-02425,371.88,1
2426,1,LOT-02426,107.66,1
2427,2,LOT-02427,108.47,0
2428,3,LOT-02428,291.39,0
2429,4,LOT-02429,316.76,1
2430,5,LOT-02430,209.96,1
2431,1,LOT-02431,320.67,1
2432,2,LOT-02432,306.44,0
2433,3,LOT-02433,239.69,0
2434,4,LOT-02434,360.71,1
2435,5,LOT-02435,483.17,0
2436,1,LOT-02436,296.32,0
2437,2,LOT-02437,414.42,0
2438,3,LOT-02438,199.04,0
2439,4,LOT-02439,404.78,1
2440,5,LOT-02440,359.56,1
2441,1,LOT-02441,355.88,0
2442,2,LOT-02442,457.21,1
2443,3,LOT-02443,193.34,0
2444,4,LOT-02444,247.38,0
2445,5,LOT-02445,133.23,1
2446,1,LOT-02446,390.45,1
2447,2,LOT-02447,437.55,0
2448,3,LOT-02448,262.33,1
2449,4,LOT-02449,242.73,1
2450,5,LOT-02450,363.46,0
2451,1,LOT-02451,130.24,0
2452,2,LOT-02452,217.54,0
2453,3,LOT-02453,246.49,1
2454,4,LOT-02454,307.44,1
2455,5,LOT-02455,290.63,0
2456,1,LOT-02456,183.47,1
2457,2,LOT-02457,316.32,1
2458,3,LOT-02458,470.35,1
2459,4,LOT-02459,110.84,0
2460,5,LOT-02460,372.12,0
2461,1,LOT-02461,349.88,0
2462,2,LOT-02462,469.77,1
2463,3,LOT-02463,358.14,0
2464,4,LOT-02464,349.94,0
2465,5,LOT-02465,407.92,1
2466,1,LOT-02466,207.12,1
2467,2,LOT-02467,338.29,1
2468,3,LOT-02468,307.77,0
2469,4,LOT-02469,275.39,1
2470,5,LOT-02470,131.79,0
2471,1,LOT-02471,217.05,1
2472,2,LOT-02472,211.99,1
2473,3,LOT-02473,389.7,0
2474,4,LOT-02474,468.26,0
2475,5,LOT-02475,192.31,1
2476,1,LOT-02476,129.85,1
2477,2,LOT-02477,499.98,0
2478,3,LOT-02478,376.48,0
2479,4,LOT-02479,454.59,1
2480,5,LOT-02480,157.55,0
2481,1,LOT-02481,420.31,1
2482,2,LOT-02482,425.33,1
2483,3,LOT-02483,160.6,1
2484,4,LOT-02484,164.56,1
2485,5,LOT-02485,218.18,0
2486,1,LOT-02486,186.71,0
2487,2,LOT-02487,490.16,0
2488,3,LOT-02488,245.18,0
2489,4,LOT-02489,404.52,0
2490,5,LOT-02490,422.02,0
2491,1,LOT-02491,254.38,1
2492,2,LOT-02492,373.03,1
2493,3,LOT-02493,143.12,1
2494,4,LOT-02494,258.78,0
2495,5,LOT-02495,486.92,1
2496,1,LOT-02496,167.41,1
2497,2,LOT-02497,254.28,1
2498,3,LOT-02498,416.21,0
2499,4,LOT-02499,366.17,0
2500,5,LOT-02500,352.61,1
2501,1,LOT-02501,441.3,0
2502,2,LOT-02502,111.64,1
2503,3,LOT-02503,408.47,0
2504,4,LOT-02504,453.02,1
2505,5,LOT-02505,106.47,1
2506,1,LOT-02506,323.59,1
2507,2,LOT-02507,239.44,0
2508,3,LOT-02508,120.31,1
2509,4,LOT-02509,267.1,1
2510,5,LOT-02510,357.61,0
2511,1,LOT-02511,467.61,1
2512,2,LOT-02512,348.21,1
2513,3,LOT-02513,442.7,0
2514,4,LOT-02514,148.63,1
2515,5,LOT-02515,184.21,0
2516,1,LOT-02516,488.12,0
2517,2,LOT-02517,454.96,0
2518,3,LOT-02518,194.09,0
2519,4,LOT-02519,348.39,0
2520,5,LOT-02520,245.05,1
2521,1,LOT-02521,287.44,0
2522,2,LOT-02522,444.35,1
2523,3,LOT-02523,394.29,1
2524,4,LOT-02524,195.38,0
2525,5,LOT-02525,226.4,1
2526,1,LOT-02526,215.88,1
2527,2,LOT-02527,412.27,1
2528,3,LOT-02528,296.04,0
2529,4,LOT-02529,480.29,0
2530,5,LOT-02530,426.67,1
2531,1,LOT-02531,184.48,0
2532,2,LOT-02532,414.38,1
2533,3,LOT-02533,302.43,0
2534,4,LOT-02534,201.48,1
2535,5,LOT-02535,245.33,0
2536,1,LOT-02536,488.85,0
2537,2,LOT-02537,293.58,1
2538,3,LOT-02538,387.84,0
2539,4,LOT-02539,290.83,0
2540,5,LOT-02540,248.62,0
2541,1,LOT-02541,418.57,0
2542,2,LOT-02542,439.33,1
2543,3,LOT-02543,128.76,1
2544,4,LOT-02544,211.59,0
2545,5,LOT-02545,303.15,0
2546,1,LOT-02546,226.6,0
2547,2,LOT-02547,413.43,1
2548,3,LOT-02548,145.89,1
2549,4,LOT-02549,419.12,1
2550,5,LOT-02550,347.15,0
2551,1,LOT-02551,215.75,1
2552,2,LOT-02552,237.78,1
2553,3,LOT-02553,173.16,0
2554,4,LOT-02554,201.03,0
2555,5,LOT-02555,386.91,1
2556,1,LOT-02556,250.35,1
2557,2,LOT-02557,374.99,0
2558,3,LOT-02558,305.64,0
2559,4,LOT-02559,158.12,0
2560,5,LOT-02560,299.63,0
2561,1,LOT-02561,402.59,0
2562,2,LOT-02562,219.07,0
2563,3,LOT-02563,359.23,1
2564,4,LOT-02564,179.61,1
2565,5,LOT-02565,154.28,1
2566,1,LOT-02566,244.09,0
2567,2,LOT-02567,255.68,0
2568,3,LOT-02568,404.4,1
2569,4,LOT-02569,284.03,0
2570,5,LOT-02570,132.49,0
2571,1,LOT-02571,353.6,0
2572,2,LOT-02572,287.7,0
2573,3,LOT-02573,232.66,0
2574,4,LOT-02574,420.89,1
2575,5,LOT-02575,161.75,0
2576,1,LOT-02576,465.28,1
2577,2,LOT-02577,233.62,1
2578,3,LOT-02578,284.38,1
2579,4,LOT-02579,471.69,1
2580,5,LOT-02580,404.5,1
2581,1,LOT-02581,129.72,1
2582,2,LOT-02582,331.32,1
2583,3,LOT-02583,224.15,0
2584,4,LOT-02584,303.4,0
2585,5,LOT-02585,397.19,0
2586,1,LOT-02586,298.47,0
2587,2,LOT-02587,128.41,0
2588,3,LOT-02588,311.99,0
2589,4,LOT-02589,109.65,1
2590,5,LOT-02590,239.36,1
2591,1,LOT-02591,291.21,0
2592,2,LOT-02592,357.87,1
2593,3,LOT-02593,302.48,0
2594,4,LOT-02594,160.78,1
2595,5,LOT-02595,472.89,0
2596,1,LOT-02596,360.12,0
2597,2,LOT-02597,226.79,0
2598,3,LOT-02598,486.38,1
2599,4,LOT-02599,453.03,1
2600,5,LOT-02600,157.4,0
2601,1,LOT-02601,362.17,0
2602,2,LOT-02602,324.03,1
2603,3,LOT-02603,177.12,1
2604,4,LOT-02604,193.39,1
2605,5,LOT-02605,325.51,1
2606,1,LOT-02606,228.52,1
2607,2,LOT-02607,433.93,0
2608,3,LOT-02608,139.1,1
2609,4,LOT-02609,465.61,1
2610,5,LOT-02610,436.22,0
2611,1,LOT-02611,395.45,1
2612,2,LOT-02612,205.03,0
2613,3,LOT-02613,385.98,1
2614,4,LOT-02614,275.51,0
2615,5,LOT-02615,353.5,0
2616,1,LOT-02616,225.02,0
2617,2,LOT-02617,434.34,0
2618,3,LOT-02618,116.23,0
2619,4,LOT-02619,376.58,1
2620,5,LOT-02620,431.45,1
2621,1,LOT-02621,358.57,1
2622,2,LOT-02622,176.8,1
2623,3,LOT-02623,213.99,1
2624,4,LOT-02624,305.96,0
2625,5,LOT-02625,231.78,1
2626,1,LOT-02626,101.97,0
2627,2,LOT-02627,116.27,1
2628,3,LOT-02628,407.11,0
2629,4,LOT-02629,133.48,1
2630,5,LOT-02630,471.21,1
2631,1,LOT-02631,277.09,0
2632,2,LOT-02632,403.27,1
2633,3,LOT-02633,150.2,1
2634,4,LOT-02634,470.6,1
2635,5,LOT-02635,113.52,0
2636,1,LOT-02636,116.85,1
2637,2,LOT-02637,121.83,0
2638,3,LOT-02638,141.36,0
2639,4,LOT-02639,294.73,1
2640,5,LOT-02640,415.31,1
2641,1,LOT-02641,213.98,1
2642,2,LOT-02642,398.31,0
2643,3,LOT-02643,409.62,1
2644,4,LOT-02644,463.31,0
2645,5,LOT-02645,159.74,0
2646,1,LOT-02646,154.21,1
2647,2,LOT-02647,148.84,0
2648,3,LOT-02648,243.72,0
2649,4,LOT-02649,295.77,1
2650,5,LOT-02650,284.64,0
2651,1,LOT-02651,202.82,1
2652,2,LOT-02652,348.79,1
2653,3,LOT-02653,235.31,0
2654,4,LOT-02654,246.43,1
2655,5,LOT-02655,142.21,0
2656,1,LOT-02656,336.89,0
2657,2,LOT-02657,362.11,0
2658,3,LOT-02658,403.18,1
2659,4,LOT-02659,461.6,0
2660,5,LOT-02660,406.4,0
2661,1,LOT-02661,194.3,0
2662,2,LOT-02662,194.26,1
2663,3,LOT-02663,466.03,0
2664,4,LOT-02664,416.05,0
2665,5,LOT-02665,412.9,0
2666,1,LOT-02666,387.89,0
2667,2,LOT-02667,206.88,0
2668,3,LOT-02668,438.96,0
2669,4,LOT-02669,157.15,0
2670,5,LOT-02670,240.01,0
2671,1,LOT-02671,238.59,0
2672,2,LOT-02672,324.05,1
2673,3,LOT-02673,285.38,1
2674,4,LOT-02674,283.92,1
2675,5,LOT-02675,321.43,0
2676,1,LOT-02676,266.17,0
2677,2,LOT-02677,199.99,0
2678,3,LOT-02678,365.65,1
2679,4,LOT-02679,416.25,0
2680,5,LOT-02680,291.6,0
2681,1,LOT-02681,359.79,0
2682,2,LOT-02682,314.15,0
2683,3,LOT-02683,123.6,0
2684,4,LOT-02684,269.23,0
2685,5,LOT-02685,103.94,0
2686,1,LOT-02686,364.75,1
2687,2,LOT-02687,303.26,1
2688,3,LOT-02688,150.73,1
2689,4,LOT-02689,316.88,1
2690,5,LOT-02690,459.37,1
2691,1,LOT-02691,236.2,0
2692,2,LOT-02692,492.95,0
2693,3,LOT-02693,483.75,1
2694,4,LOT-02694,414.12,0
2695,5,LOT-02695,425.52,1
2696,1,LOT-02696,264.22,0
2697,2,LOT-02697,261.02,1
2698,3,LOT-02698,481.76,1
2699,4,LOT-02699,246.48,0
2700,5,LOT-02700,138.75,1
2701,1,LOT-02701,161.08,1
2702,2,LOT-02702,384.16,0
2703,3,LOT-02703,253.19,1
2704,4,LOT-02704,179.74,1
2705,5,LOT-02705,425.51,1
2706,1,LOT-02706,295.47,1
2707,2,LOT-02707,327.06,1
2708,3,LOT-02708,161.58,0
2709,4,LOT-02709,177.1,0
2710,5,LOT-02710,150.34,0
2711,1,LOT-02711,305.82,1
2712,2,LOT-02712,410.26,0
2713,3,LOT-02713,392.91,1
2714,4,LOT-02714,204.49,1
2715,5,LOT-02715,440.62,1
2716,1,LOT-02716,142.26,0
2717,2,LOT-02717,145.62,1
2718,3,LOT-02718,439.72,1
2719,4,LOT-02719,197.77,1
2720,5,LOT-02720,383.25,0
2721,1,LOT-02721,103.63,1
2722,2,LOT-02722,137.44,0
2723,3,LOT-02723,343.72,0
2724,4,LOT-02724,172.97,1
2725,5,LOT-02725,111.29,1
2726,1,LOT-02726,286.78,0
2727,2,LOT-02727,232.21,1
2728,3,LOT-02728,420.9,1
2729,4,LOT-02729,427.53,0
2730,5,LOT-02730,345.77,1
2731,1,LOT-02731,217.21,0
2732,2,LOT-02732,284.65,1
2733,3,LOT-02733,380.9,0
2734,4,LOT-02734,127.72,1
2735,5,LOT-02735,233.0,0
2736,1,LOT-02736,428.95,0
2737,2,LOT-02737,262.41,1
2738,3,LOT-02738,349.87,0
2739,4,LOT-02739,138.53,0
2740,5,LOT-02740,410.82,0
2741,1,LOT-02741,140.19,0
2742,2,LOT-02742,444.61,1
2743,3,LOT-02743,142.64,1
2744,4,LOT-02744,456.36,1
2745,5,LOT-02745,245.51,1
2746,1,LOT-02746,349.81,1
2747,2,LOT-02747,438.62,1
2748,3,LOT-02748,104.1,1
2749,4,LOT-02749,206.28,0
2750,5,LOT-02750,463.34,1
2751,1,LOT-02751,255.27,1
2752,2,LOT-02752,382.55,0
2753,3,LOT-02753,156.0,0
2754,4,LOT-02754,371.35,1
2755,5,LOT-02755,129.26,1
2756,1,LOT-02756,386.93,0
2757,2,LOT-02757,229.52,0
2758,3,LOT-02758,286.34,0
2759,4,LOT-02759,166.5,1
2760,5,LOT-02760,351.14,0
2761,1,LOT-02761,235.03,1
2762,2,LOT-02762,253.35,0
2763,3,LOT-02763,360.88,0
2764,4,LOT-02764,171.54,0
2765,5,LOT-02765,440.8,0
2766,1,LOT-02766,395.71,0
2767,2,LOT-02767,331.09,0
2768,3,LOT-02768,151.33,0
2769,4,LOT-02769,374.84,0
2770,5,LOT-02770,107.24,1
2771,1,LOT-02771,421.76,0
2772,2,LOT-02772,221.52,1
2773,3,LOT-02773,146.88,1
2774,4,LOT-02774,165.8,1
2775,5,LOT-02775,485.25,0
2776,1,LOT-02776,409.53,0
2777,2,LOT-02777,195.15,0
2778,3,LOT-02778,485.39,0
2779,4,LOT-02779,156.05,0
2780,5,LOT-02780,393.41,0
2781,1,LOT-02781,362.7,1
2782,2,LOT-02782,428.59,1
2783,3,LOT-02783,252.68,1
2784,4,LOT-02784,260.73,1
2785,5,LOT-02785,349.83,1
2786,1,LOT-02786,259.28,0
2787,2,LOT-02787,116.54,1
2788,3,LOT-02788,391.88,0
2789,4,LOT-02789,356.38,0
2790,5,LOT-02790,269.49,0
2791,1,LOT-02791,221.13,0
2792,2,LOT-02792,228.29,0
2793,3,LOT-02793,396.41,1
2794,4,LOT-02794,391.66,1
2795,5,LOT-02795,427.57,1
2796,1,LOT-02796,404.87,0
2797,2,LOT-02797,403.18,0
2798,3,LOT-02798,200.71,0
2799,4,LOT-02799,140.65,0
2800,5,LOT-02800,404.7,1
2801,1,LOT-02801,139.45,0
2802,2,LOT-02802,492.84,1
2803,3,LOT-02803,450.04,1
2804,4,LOT-02804,313.38,1
2805,5,LOT-02805,240.87,1
2806,1,LOT-02806,310.74,0
2807,2,LOT-02807,393.72,1
2808,3,LOT-02808,402.53,0
2809,4,LOT-02809,129.47,0
2810,5,LOT-02810,421.94,1
2811,1,LOT-02811,356.6,0
2812,2,LOT-02812,116.23,1
2813,3,LOT-02813,225.26,0
2814,4,LOT-02814,304.26,1
2815,5,LOT-02815,175.38,1
2816,1,LOT-02816,162.1,0
2817,2,LOT-02817,105.71,1
2818,3,LOT-02818,464.62,0
2819,4,LOT-02819,122.44,1
2820,5,LOT-02820,246.4,0
2821,1,LOT-02821,182.31,1
2822,2,LOT-02822,396.41,1
2823,3,LOT-02823,382.87,1
2824,4,LOT-02824,422.49,0
2825,5,LOT-02825,346.72,1
2826,1,LOT-02826,336.66,0
2827,2,LOT-02827,262.84,0
2828,3,LOT-02828,354.54,1
2829,4,LOT-02829,146.08,1
2830,5,LOT-02830,373.81,0
2831,1,LOT-02831,141.56,1
2832,2,LOT-02832,444.7,1
2833,3,LOT-02833,302.27,0
2834,4,LOT-02834,312.14,0
2835,5,LOT-02835,333.94,0
2836,1,LOT-02836,410.42,1
2837,2,LOT-02837,291.39,1
2838,3,LOT-02838,271.04,1
2839,4,LOT-02839,215.33,0
2840,5,LOT-02840,151.22,0
2841,1,LOT-02841,176.14,1
2842,2,LOT-02842,100.21,0
2843,3,LOT-02843,447.77,1
2844,4,LOT-02844,405.98,1
2845,5,LOT-02845,187.47,0
2846,1,LOT-02846,100.96,0
2847,2,LOT-02847,296.85,1
2848,3,LOT-02848,265.03,0
2849,4,LOT-02849,410.4,0
2850,5,LOT-02850,261.16,1
2851,1,LOT-02851,445.65,1
2852,2,LOT-02852,138.34,1
2853,3,LOT-02853,246.34,0
2854,4,LOT-02854,473.58,0
2855,5,LOT-02855,104.69,0
2856,1,LOT-02856,256.32,0
2857,2,LOT-02857,203.88,1
2858,3,LOT-02858,312.74,1
2859,4,LOT-02859,211.51,1
2860,5,LOT-02860,447.96,0
2861,1,LOT-02861,474.86,1
2862,2,LOT-02862,439.65,0
2863,3,LOT-02863,259.43,1
2864,4,LOT-02864,495.97,1
2865,5,LOT-02865,394.01,0
2866,1,LOT-02866,242.24,1
2867,2,LOT-02867,137.48,1
2868,3,LOT-02868,366.82,0
2869,4,LOT-02869,391.43,1
2870,5,LOT-02870,148.98,1
2871,1,LOT-02871,319.89,0
2872,2,LOT-02872,494.84,1
2873,3,LOT-02873,230.5,0
2874,4,LOT-02874,220.76,0
2875,5,LOT-02875,461.32,1
2876,1,LOT-02876,146.97,1
2877,2,LOT-02877,473.41,1
2878,3,LOT-02878,411.79,1
2879,4,LOT-02879,256.34,0
2880,5,LOT-02880,133.42,1
2881,1,LOT-02881,107.67,0
2882,2,LOT-02882,250.33,1
2883,3,LOT-02883,382.14,1
2884,4,LOT-02884,295.01,0
2885,5,LOT-02885,395.46,0
2886,1,LOT-02886,368.23,0
2887,2,LOT-02887,329.16,0
2888,3,LOT-02888,487.0,0
2889,4,LOT-02889,391.35,0
2890,5,LOT-02890,465.85,1
2891,1,LOT-02891,196.86,0
2892,2,LOT-02892,385.46,1
2893,3,LOT-02893,339.12,0
2894,4,LOT-02894,469.72,0
2895,5,LOT-02895,304.18,0
2896,1,LOT-02896,211.86,1
2897,2,LOT-02897,253.94,0
2898,3,LOT-02898,187.53,1
2899,4,LOT-02899,187.99,0
2900,5,LOT-02900,288.17,1
2901,1,LOT-02901,457.03,0
2902,2,LOT-02902,176.75,0
2903,3,LOT-02903,215.15,0
2904,4,LOT-02904,441.2,0
2905,5,LOT-02905,235.7,1
2906,1,LOT-02906,484.97,1
2907,2,LOT-02907,207.57,0
2908,3,LOT-02908,276.86,0
2909,4,LOT-02909,138.24,1
2910,5,LOT-02910,496.87,1
2911,1,LOT-02911,456.06,0
2912,2,LOT-02912,427.02,0
2913,3,LOT-02913,162.94,1
2914,4,LOT-02914,487.74,1
2915,5,LOT-02915,471.66,1
2916,1,LOT-02916,274.27,0
2917,2,LOT-02917,372.65,0
2918,3,LOT-02918,496.98,1
2919,4,LOT-02919,263.9,0
2920,5,LOT-02920,145.22,0
2921,1,LOT-02921,447.11,1
2922,2,LOT-02922,290.59,1
2923,3,LOT-02923,494.79,1
2924,4,LOT-02924,320.36,0
2925,5,LOT-02925,111.79,1
2926,1,LOT-02926,296.69,0
2927,2,LOT-02927,387.22,1
2928,3,LOT-02928,110.41,1
2929,4,LOT-02929,265.38,0
2930,5,LOT-02930,162.22,0
2931,1,LOT-02931,357.24,1
2932,2,LOT-02932,482.94,0
2933,3,LOT-02933,349.83,0
2934,4,LOT-02934,377.95,0
2935,5,LOT-02935,258.63,1
2936,1,LOT-02936,325.26,0
2937,2,LOT-02937,317.54,0
2938,3,LOT-02938,403.84,1
2939,4,LOT-02939,442.76,0
2940,5,LOT-02940,365.15,1
2941,1,LOT-02941,491.92,0
2942,2,LOT-02942,431.32,1
2943,3,LOT-02943,149.86,1
2944,4,LOT-02944,302.99,1
2945,5,LOT-02945,461.29,1
2946,1,LOT-02946,477.57,0
2947,2,LOT-02947,252.08,0
2948,3,LOT-02948,390.28,1
2949,4,LOT-02949,264.22,0
2950,5,LOT-02950,149.46,0
2951,1,LOT-02951,453.84,1
2952,2,LOT-02952,472.78,0
2953,3,LOT-02953,301.9,0
2954,4,LOT-02954,107.32,1
2955,5,LOT-02955,426.41,1
2956,1,LOT-02956,290.78,0
2957,2,LOT-02957,130.01,1
2958,3,LOT-02958,175.76,1
2959,4,LOT-02959,160.85,0
2960,5,LOT-02960,374.51,0
2961,1,LOT-02961,219.76,0
2962,2,LOT-02962,151.08,0
2963,3,LOT-02963,467.06,0
2964,4,LOT-02964,482.61,0
2965,5,LOT-02965,155.43,0
2966,1,LOT-02966,192.09,1
2967,2,LOT-02967,336.85,0
2968,3,LOT-02968,160.2,1
2969,4,LOT-02969,163.44,0
2970,5,LOT-02970,234.63,1
2971,1,LOT-02971,479.67,1
2972,2,LOT-02972,484.98,0
2973,3,LOT-02973,436.72,1
2974,4,LOT-02974,378.29,1
2975,5,LOT-02975,388.27,0
2976,1,LOT-02976,287.83,1
2977,2,LOT-02977,312.06,0
2978,3,LOT-02978,353.78,1
2979,4,LOT-02979,392.51,0
2980,5,LOT-02980,138.74,1
2981,1,LOT-02981,189.95,0
2982,2,LOT-02982,485.18,1
2983,3,LOT-02983,234.06,0
2984,4,LOT-02984,207.39,1
2985,5,LOT-02985,268.76,0
2986,1,LOT-02986,216.37,1
2987,2,LOT-02987,136.47,1
2988,3,LOT-02988,183.18,0
2989,4,LOT-02989,356.06,0
2990,5,LOT-02990,189.27,0
2991,1,LOT-02991,359.07,1
2992,2,LOT-02992,140.03,0
2993,3,LOT-02993,116.75,0
2994,4,LOT-02994,444.63,0
2995,5,LOT-02995,404.01,0
2996,1,LOT-02996,366.41,0
2997,2,LOT-02997,112.36,1
2998,3,LOT-02998,195.74,1
2999,4,LOT-02999,424.93,1
3000,5,LOT-03000,157.87,1
3001,1,LOT-03001,425.14,0
3002,2,LOT-03002,333.69,0
3003,3,LOT-03003,396.15,1
3004,4,LOT-03004,357.8,1
3005,5,LOT-03005,266.8,0
3006,1,LOT-03006,216.79,0
3007,2,LOT-03007,369.09,0
3008,3,LOT-03008,422.77,0
3009,4,LOT-03009,117.89,0
3010,5,LOT-03010,251.96,0
3011,1,LOT-03011,240.29,0
3012,2,LOT-03012,323.79,1
3013,3,LOT-03013,145.57,0
3014,4,LOT-03014,473.37,1
3015,5,LOT-03015,319.4,0
3016,1,LOT-03016,469.5,1
3017,2,LOT-03017,426.78,1
3018,3,LOT-03018,176.66,1
3019,4,LOT-03019,152.94,0
3020,5,LOT-03020,444.5,1
3021,1,LOT-03021,314.44,0
3022,2,LOT-03022,107.9,0
3023,3,LOT-03023,473.69,1
3024,4,LOT-03024,289.21,1
3025,5,LOT-03025,220.37,0
3026,1,LOT-03026,306.64,1
3027,2,LOT-03027,429.17,1
3028,3,LOT-03028,144.12,1
3029,4,LOT-03029,243.57,1
3030,5,LOT-03030,227.55,0
3031,1,LOT-03031,435.86,1
3032,2,LOT-03032,411.39,1
3033,3,LOT-03033,260.04,0
3034,4,LOT-03034,365.8,1
3035,5,LOT-03035,257.78,0
3036,1,LOT-03036,328.53,0
3037,2,LOT-03037,496.49,0
3038,3,LOT-03038,314.23,0
3039,4,LOT-03039,495.43,0
3040,5,LOT-03040,398.88,0
3041,1,LOT-03041,148.29,0
3042,2,LOT-03042,418.39,1
3043,3,LOT-03043,164.51,0
3044,4,LOT-03044,312.93,1
3045,5,LOT-03045,345.3,0
3046,1,LOT-03046,456.89,0
3047,2,LOT-03047,184.17,0
3048,3,LOT-03048,450.38,1
3049,4,LOT-03049,473.8,1
3050,5,LOT-03050,135.79,1
3051,1,LOT-03051,454.11,1
3052,2,LOT-03052,203.67,1
3053,3,LOT-03053,132.4,1
3054,4,LOT-03054,483.43,0
3055,5,LOT-03055,256.88,0
3056,1,LOT-03056,349.19,1
3057,2,LOT-03057,321.15,1
3058,3,LOT-03058,185.27,1
3059,4,LOT-03059,367.83,1
3060,5,LOT-03060,118.45,1
3061,1,LOT-03061,181.24,1
3062,2,LOT-03062,477.87,1
3063,3,LOT-03063,481.4,0
3064,4,LOT-03064,293.06,0
3065,5,LOT-03065,167.63,1
3066,1,LOT-03066,268.65,1
3067,2,LOT-03067,450.83,1
3068,3,LOT-03068,128.11,0
3069,4,LOT-03069,151.15,0
3070,5,LOT-03070,458.26,0
3071,1,LOT-03071,266.15,1
3072,2,LOT-03072,133.38,0
3073,3,LOT-03073,155.68,0
3074,4,LOT-03074,452.98,0
3075,5,LOT-03075,296.04,0
3076,1,LOT-03076,165.2,0
3077,2,LOT-03077,457.62,1
3078,3,LOT-03078,438.11,0
3079,4,LOT-03079,109.21,1
3080,5,LOT-03080,332.4,0
3081,1,LOT-03081,197.73,1
3082,2,LOT-03082,313.25,0
3083,3,LOT-03083,211.71,1
3084,4,LOT-03084,226.35,0
3085,5,LOT-03085,340.74,1
3086,1,LOT-03086,315.54,0
3087,2,LOT-03087,258.08,1
3088,3,LOT-03088,143.03,0
3089,4,LOT-03089,487.77,0
3090,5,LOT-03090,169.84,1
3091,1,LOT-03091,353.25,0
3092,2,LOT-03092,133.1,0
3093,3,LOT-03093,375.33,0
3094,4,LOT-03094,137.94,0
3095,5,LOT-03095,191.8,1
3096,1,LOT-03096,358.79,1
3097,2,LOT-03097,213.17,1
3098,3,LOT-03098,313.14,0
3099,4,LOT-03099,149.8,0
3100,5,LOT-03100,180.96,0
3101,1,LOT-03101,393.51,0
3102,2,LOT-03102,114.06,1
3103,3,LOT-03103,144.72,0
3104,4,LOT-03104,185.98,1
3105,5,LOT-03105,108.08,0
3106,1,LOT-03106,138.15,1
3107,2,LOT-03107,212.56,0
3108,3,LOT-03108,137.17,1
3109,4,LOT-03109,446.45,0
3110,5,LOT-03110,126.43,0
3111,1,LOT-03111,444.39,1
3112,2,LOT-03112,429.14,1
3113,3,LOT-03113,140.3,1
3114,4,LOT-03114,110.08,0
3115,5,LOT-03115,120.0,0
3116,1,LOT-03116,336.15,1
3117,2,LOT-03117,368.14,0
3118,3,LOT-03118,348.26,1
3119,4,LOT-03119,316.59,0
3120,5,LOT-03120,169.87,1
3121,1,LOT-03121,436.38,0
3122,2,LOT-03122,231.02,1
3123,3,LOT-03123,494.47,1
3124,4,LOT-03124,253.94,1
3125,5,LOT-03125,205.2,0
3126,1,LOT-03126,457.7,1
3127,2,LOT-03127,326.97,1
3128,3,LOT-03128,388.74,0
3129,4,LOT-03129,263.36,1
3130,5,LOT-03130,454.77,0
3131,1,LOT-03131,467.09,1
3132,2,LOT-03132,274.71,0
3133,3,LOT-03133,196.29,1
3134,4,LOT-03134,359.07,1
3135,5,LOT-03135,481.83,0
3136,1,LOT-03136,348.98,1
3137,2,LOT-03137,481.69,1
3138,3,LOT-03138,237.52,0
3139,4,LOT-03139,466.03,0
3140,5,LOT-03140,145.03,0
3141,1,LOT-03141,243.53,0
3142,2,LOT-03142,297.79,0
3143,3,LOT-03143,361.24,1
3144,4,LOT-03144,217.66,0
3145,5,LOT-03145,469.7,1
3146,1,LOT-03146,461.4,0
3147,2,LOT-03147,419.73,0
3148,3,LOT-03148,145.75,0
3149,4,LOT-03149,131.32,0
3150,5,LOT-03150,299.25,1
3151,1,LOT-03151,406.14,0
3152,2,LOT-03152,149.29,1
3153,3,LOT-03153,356.57,1
3154,4,LOT-03154,311.14,1
3155,5,LOT-03155,390.4,1
3156,1,LOT-03156,274.15,0
3157,2,LOT-03157,377.32,1
3158,3,LOT-03158,163.84,0
3159,4,LOT-03159,185.84,0
3160,5,LOT-03160,461.33,1
3161,1,LOT-03161,231.75,1
3162,2,LOT-03162,494.2,0
3163,3,LOT-03163,118.48,1
3164,4,LOT-03164,298.35,0
3165,5,LOT-03165,229.99,1
3166,1,LOT-03166,498.39,1
3167,2,LOT-03167,496.01,1
3168,3,LOT-03168,194.1,0
3169,4,LOT-03169,206.9,0
3170,5,LOT-03170,399.87,1
3171,1,LOT-03171,455.87,1
3172,2,LOT-03172,365.48,0
3173,3,LOT-03173,445.88,1
3174,4,LOT-03174,125.32,1
3175,5,LOT-03175,356.21,1
3176,1,LOT-03176,380.07,1
3177,2,LOT-03177,176.13,0
3178,3,LOT-03178,411.19,1
3179,4,LOT-03179,477.71,0
3180,5,LOT-03180,459.19,0
3181,1,LOT-03181,197.99,1
3182,2,LOT-03182,229.6,1
3183,3,LOT-03183,299.84,1
3184,4,LOT-03184,163.34,1
3185,5,LOT-03185,481.58,0
3186,1,LOT-03186,164.64,1
3187,2,LOT-03187,404.57,0
3188,3,LOT-03188,236.57,1
3189,4,LOT-03189,329.49,1
3190,5,LOT-03190,118.87,1
3191,1,LOT-03191,182.0,1
3192,2,LOT-03192,277.76,0
3193,3,LOT-03193,370.88,1
3194,4,LOT-03194,411.02,0
3195,5,LOT-03195,112.06,0
3196,1,LOT-03196,161.0,1
3197,2,LOT-03197,391.92,0
3198,3,LOT-03198,425.22,1
3199,4,LOT-03199,194.63,1
3200,5,LOT-03200,191.86,1
3201,1,LOT-03201,135.21,0
3202,2,LOT-03202,160.12,0
3203,3,LOT-03203,103.21,1
3204,4,LOT-03204,335.93,0
3205,5,LOT-03205,461.56,1
3206,1,LOT-03206,159.83,0
3207,2,LOT-03207,400.58,1
3208,3,LOT-03208,329.46,0
3209,4,LOT-03209,475.97,1
3210,5,LOT-03210,419.25,1
3211,1,LOT-03211,441.09,0
3212,2,LOT-03212,355.66,1
3213,3,LOT-03213,424.53,0
3214,4,LOT-03214,240.35,1
3215,5,LOT-03215,183.61,0
3216,1,LOT-03216,465.01,0
3217,2,LOT-03217,393.73,1
3218,3,LOT-03218,136.28,1
3219,4,LOT-03219,446.76,1
3220,5,LOT-03220,239.56,0
3221,1,LOT-03221,219.31,1
3222,2,LOT-03222,349.33,1
3223,3,LOT-03223,327.44,1
3224,4,LOT-03224,315.3,0
3225,5,LOT-03225,201.95,1
3226,1,LOT-03226,483.91,0
3227,2,LOT-03227,480.05,0
3228,3,LOT-03228,101.66,0
3229,4,LOT-03229,235.13,0
3230,5,LOT-03230,118.22,1
3231,1,LOT-03231,440.1,0
3232,2,LOT-03232,454.61,0
3233,3,LOT-03233,307.32,1
3234,4,LOT-03234,435.87,0
3235,5,LOT-03235,381.34,0
3236,1,LOT-03236,299.83,1
3237,2,LOT-03237,245.52,0
3238,3,LOT-03238,206.49,0
3239,4,LOT-03239,203.77,1
3240,5,LOT-03240,324.83,1
